symbol,company_name,market_cap,ttm_revenue,ttm_earnings,pe_ttm,pe_forward,profit_margin,revenue_cagr_5yr,earnings_cagr_5yr,no_loss_5yr,price,ntm_eps_growth,extraction_date
MMM,3M Company,79867594677,25024000000,2787000000,29.33524904214559,17.616072465985553,0.13027096360429694,-0.04965970683619114,-0.08524445829682004,False,153.13,0.0916028865832319,2026-05-31
AOS,A. O. Smith Corporation,7924169412,3811900000,527600000,15.085106382978724,14.987567611845252,0.14260351939846483,0.05756136403417389,0.12521290978061939,True,56.72,0.09976826345564915,2026-05-31
ABT,Abbott Laboratories,149064099800,45134000000,6276000000,23.772222222222222,15.63433415237904,0.14717560007218913,0.05075224605174555,0.08216681566190176,True,85.58,0.10605515313718872,2026-05-31
ABBV,AbbVie Inc.,384418781993,62819000000,3639000000,106.68301054179945,15.27910811243536,0.06909744931327665,0.05952891709050534,-0.027886129642728297,True,217.58,0.1417653767180045,2026-05-31
ACN,Accenture plc,115129458561,72110322000,7682413000,15.184253246753247,13.482473937030857,0.11020675921455172,0.09465969836955224,0.08884802450889429,True,187.07,0.07752692783089077,2026-05-31
ADBE,Adobe Inc.,104772682000,24453000000,7208000000,15.079115764979637,11.01599510079119,0.2999705498758888,0.13057654594156753,0.08866866733389989,True,259.21,0.12292305292785954,2026-05-31
AMD,"Advanced Micro Devices, Inc.",841552660000,37454000000,5009000000,167.56493506493507,69.34004027929485,0.12514795461762754,0.2882389065515516,0.04920026914708697,True,516.1,0.7606378047649949,2026-05-31
AES,The AES Corporation,10462023650,12487000000,1338000000,7.8031914893617005,6.325866195209246,0.077577045696068,0.04834005277483189,0.7826024579660034,False,14.67,0.04764882171578888,2026-05-31
AFL,Aflac Incorporated,57220093700,18222000000,4636000000,12.774999999999999,15.912896636946174,0.20908361050579194,-0.04766356364823654,0.005031328356816189,True,112.42,0.07580778262660459,2026-05-31
A,"Agilent Technologies, Inc.",38303875080,7232000000,1414000000,27.162324649298593,22.434528715998134,0.18753598157743234,0.05409554484855006,0.14522640524625596,True,135.54,0.09087192423174062,2026-05-31
APD,"Air Products and Chemicals, Inc.",62043292733,12463900000,2107300000,29.477359289039352,21.098512987224428,-0.03277313018700207,0.06329887156173086,,False,278.62,0.08218136603443815,2026-05-31
ABNB,"Airbnb, Inc.",79121301882,12647000000,2517000000,32.35679611650485,25.998619231684344,0.20513029981210684,0.2936784202643019,,False,133.31,0.18073243128337335,2026-05-31
AKAM,"Akamai Technologies, Inc.",21740940343,4266646000,435179000,49.68106312292359,22.32493423743793,0.10741734837548343,0.056425850397398225,-0.01939691819718692,True,149.54,0.06588647336504261,2026-05-31
ALB,Albemarle Corporation,20806031129,5494583000,-232885000,,14.70848159647303,-0.09929117455640804,0.10448598383827279,,False,176.42,0.0005444189140968447,2026-05-31
ARE,"Alexandria Real Estate Equities, Inc.",8657683920,2898564000,-1023219000,,26.787736306872716,-0.48154536430094147,0.09422371214635206,,False,49.68,-0.9398839629457882,2026-05-31
ALGN,"Align Technology, Inc.",12529591319,4095788999,429892000,29.304857621440537,15.378975942165555,0.10169880078236138,0.10296139708637742,-0.24153773788975508,True,174.95,0.08656354826686541,2026-05-31
ALLE,Allegion plc,11177677440,4159000000,633700000,17.648575305291722,14.837587337801226,0.158286824183119,0.08380376143729995,0.17043011539151665,True,130.07,0.0892377014116641,2026-05-31
LNT,Alliant Energy Corporation,18495215970,4419000000,821000000,22.448275862068964,20.937310866876594,0.1856946354883081,0.05010701536435036,0.04983904342154122,True,71.61,0.07705374816166266,2026-05-31
ALL,The Allstate Corporation,53051893890,67138000000,12145000000,4.489978213507626,6.952034369881018,0.1547095997592537,0.09774513626493997,0.1714962692056594,False,206.09,-0.11851584236703128,2026-05-31
GOOGL,Alphabet Inc.,4600162967240,422566000000,160208000000,28.726586102719033,26.750428503406575,0.32799537426513103,0.1716222510451666,0.2980953909548385,True,380.34,0.034609430661924234,2026-05-31
GOOG,Alphabet Inc.,4552872024394,422566000000,160208000000,28.431268882175228,26.485206334553826,0.32799537426513103,0.1716222510451666,0.2980953909548385,True,376.43,0.03494445867258067,2026-05-31
MO,"Altria Group, Inc.",116191032131,21815000000,8053000000,14.556485355648535,12.247671217444571,0.3449525795719748,-0.006829366506125423,0.11359203515240379,True,69.58,0.03540171939138337,2026-05-31
AMZN,"Amazon.com, Inc.",2911301544000,742776000000,90798000000,31.877502944640757,30.781339211177002,0.10833784334183261,0.13178194800406007,0.2789971742612789,False,270.64,0.1442346406076198,2026-05-31
AMCR,Amcor plc,17948259686,22190000000,678000000,27.146853146853154,8.964219325489834,0.034046238923312676,0.03779361122148761,-0.032581351097554445,True,38.82,0.07285910565632547,2026-05-31
AEE,Ameren Corporation,29880871980,8878000000,1524000000,19.245989304812834,20.078775300707417,0.1654733492442323,0.08715374280767585,0.08793140616896533,True,107.97,0.07984460660700865,2026-05-31
AEP,"American Electric Power Company, Inc.",68921780350,22163800000,3653800000,18.600587371512482,19.948377058500224,0.16434834503970985,0.0787939351126723,0.08447177119769855,True,126.67,0.07820450432999615,2026-05-31
AXP,American Express Company,215935849416,82411000000,11220000000,19.74235807860262,17.96386791644222,0.13463163650825213,0.159836304589275,0.32523304842304035,True,316.47,0.14342826231209216,2026-05-31
AIG,"American International Group, Inc.",39357207785,26650000000,3161000000,12.977272727272727,9.201549003857636,0.11563457085231942,-0.09391169695538826,,False,74.23,0.10557175299239385,2026-05-31
AMT,American Tower Corporation,87103368180,10819800000,2877900000,30.203554119547658,28.50195516460733,0.23764924707142254,0.05770007671924238,0.07224432617354637,True,186.96,0.03622961940986813,2026-05-31
AWK,"American Water Works Company, Inc.",24072229824,5205000000,1102000000,21.817699115044245,20.255281950501328,0.216147859922179,0.06356301582563217,0.07774932054621986,True,123.27,0.08228800720363072,2026-05-31
AMP,"Ameriprise Financial, Inc.",40068036441,19302000000,3895000000,10.926942878156408,10.063095570847164,0.18839890016920474,0.09473450777701009,0.2439158795388192,True,445.71,0.07780605506153093,2026-05-31
AME,"AMETEK, Inc.",51765497550,7597582000,1527741000,34.01355421686747,27.74024761717598,0.19998902868162044,0.10267547865932358,0.11058112036977019,True,225.85,0.08220865677508105,2026-05-31
AMGN,Amgen Inc.,181768257320,37238000000,7800000000,23.258977900552487,15.042789251768742,0.2098745270950709,0.07641915762764095,0.029354342602774697,True,336.79,0.047412098906596034,2026-05-31
APH,Amphenol Corporation,183009014800,25903800000,4475800000,40.6448087431694,31.330690850578975,0.1849038956990132,0.218467319160899,0.2829128304134665,True,148.76,0.17246622831219494,2026-05-31
ADI,"Analog Devices, Inc.",201580971504,12740193000,3313432000,61.22041420118343,33.721872975648715,0.20575338346110292,0.14485112925375,0.06757141901010599,True,413.85,0.20571768473287744,2026-05-31
AON,Aon plc,67503130501,17486000000,3942000000,17.242771412984176,16.502103357697163,0.21506315115534602,0.09197213054793218,0.15072072378187173,True,316.06,0.11787209225221917,2026-05-31
APA,APA Corporation,12876912100,8611000000,1533000000,8.491841491841493,5.749883992184072,0.16076233183856503,0.14999048239893864,,True,36.43,-0.33393047107064955,2026-05-31
APO,"Apollo Global Management, Inc.",74203631780,29683000000,2150000000,37.96755162241889,14.433546922764657,0.14789266972507342,0.6669568855992871,0.7542558767754861,False,128.71,0.19679234576817062,2026-05-31
AAPL,Apple Inc.,4583336313360,451442000000,122575000000,37.64294330518697,35.675212209551574,0.2691506412181824,0.08677354924090741,0.1774182545699563,True,312.06,0.09959587298865369,2026-05-31
AMAT,"Applied Materials, Inc.",357329187540,29024000000,8508000000,42.10102899906454,36.94206450702052,0.24668640721940213,0.10522310397599743,0.17134333807782354,True,450.06,0.33285616021196995,2026-05-31
APP,AppLovin Corporation,205961166448,6164192000,3962958000,52.31143344709898,38.1402484164478,0.6082715090014682,0.304454229088547,,False,613.09,0.3324570036492309,2026-05-31
APTV,Aptiv PLC,14377530740,20659000000,365000000,40.44047619047618,10.917598963840476,0.008089028336111383,0.09317322677777895,-0.35503165789415525,True,67.94,0.09305991663158175,2026-05-31
ACGL,Arch Capital Group Ltd.,31214502600,19698000000,4872000000,6.763058289174867,9.621297378212619,0.22073360429524813,0.19170149571440875,0.2849522832398004,True,89.34,0.06976894455423155,2026-05-31
ADM,Archer-Daniels-Midland Company,38450491724,80606000000,1081000000,35.77578475336323,17.337334813968095,0.013429842155751286,0.04518486345809647,-0.06733955979571826,True,79.78,0.15010333294941125,2026-05-31
ARES,Ares Management Corporation,42201321846,6306937000,622781000,56.85840707964602,21.393062987170822,0.08150704606082712,0.29682314940175925,0.17104399914226653,True,128.5,0.23653235929690908,2026-05-31
ANET,"Arista Networks, Inc.",200799750278,9709900000,3720500000,53.875,43.937544600175784,0.3899086134337142,0.31189506024306746,0.39933008676853965,True,159.47,0.22577401108150763,2026-05-31
AJG,Arthur J. Gallagher & Co.,51673605620,14972400000,1611500000,32.07496012759171,15.14760079507769,0.10715259148746933,0.14743369975154352,0.063266797710132,True,201.11,0.1220115857190307,2026-05-31
AIZ,"Assurant, Inc.",12330920420,13160400000,1000200000,12.556508577194753,11.82894491058778,0.06810360300601671,0.0592288006894639,0.19686307022964677,True,248.87,0.06517018100134653,2026-05-31
T,AT&T Inc.,172318832000,126528000000,21367000000,8.294314381270903,10.73244617548415,0.1742089010569209,-0.06060831928802057,,False,24.8,0.10059071729957814,2026-05-31
ATO,Atmos Energy Corporation,28236991689,4881241000,1346183000,20.579683698296833,20.17348974600233,0.25490462505488803,0.10760685616384968,0.09046692459743677,True,169.165,0.06835481682092093,2026-05-31
ADSK,"Autodesk, Inc.",48839949950,7507000000,1463000000,33.5231884057971,18.423104585028153,0.1559811268387455,0.13713233616993747,-0.008491447350587045,True,231.31,0.12891155460227188,2026-05-31
ADP,"Automatic Data Processing, Inc.",88677053119,21600500000,4345500000,20.617100371747213,18.19750826040877,0.19842030261321245,0.07102240602525911,0.11825956069279053,True,221.84,0.09306043633333005,2026-05-31
AZO,"AutoZone, Inc.",48046125110,19986404000,2478125000,19.68076974654687,19.428024358716474,0.13191215645706095,0.08436605609642212,0.15112218415626666,True,2935.19,0.1623235101407392,2026-05-31
AVB,"AvalonBay Communities, Inc.",25389331120,3063256000,1141686000,22.615861214374224,31.82666317900427,0.34636476806904704,0.05717985113787161,0.04670255670459733,True,182.51,-0.05780277269160339,2026-05-31
AVY,Avery Dennison Corporation,12167327928,9005700000,689800000,17.91328828828829,15.827640211977144,0.07769182993619785,0.049004548094291556,0.0569911903890612,True,159.07,0.10602837373409724,2026-05-31
AXON,"Axon Enterprise, Inc.",36167763991,2983248000,206243000,173.78103094380543,58.363628086650586,0.044939515084532096,0.3248437327961291,,False,448.72,0.3844361924210007,2026-05-31
BKR,Baker Hughes Company,63373348364,27893000000,3116000000,20.21518987341772,26.75658128966052,0.09331842930804457,0.06019151313311255,,False,63.88,0.19709313284047836,2026-05-31
BALL,Ball Corporation,14555696756,13644000000,937000000,15.709770114942529,13.656199494917956,0.0692956462274903,0.022800865022757355,0.13218719965410797,True,54.67,0.1283612810399395,2026-05-31
BAC,Bank of America Corporation,366184077592,174850000000,31697000000,12.616136919315402,11.573373167268885,0.15926020661178594,0.15363149712488644,0.15593862393479396,True,51.6,0.13330686709236939,2026-05-31
BAX,Baxter International Inc.,9699287820,11320000000,-1098000000,,9.776463606359387,-0.08511205976520811,-0.007460794983869423,,False,18.78,0.03880391891469803,2026-05-31
BDX,"Becton, Dickinson and Company",53300855259,21365000000,1138000000,37.245569620253164,11.691658726267212,0.07683501991849444,0.063216620158979,0.16256175195788503,True,147.12,0.0661978983305691,2026-05-31
BRK.B,,,,,,,,,,,,,2026-05-31
BBY,"Best Buy Co., Inc.",16423675250,41860000000,1143000000,14.408502772643253,11.923901188412938,0.02564102564102564,-0.024772266419715416,-0.06096137457361028,True,77.95,0.0783428607266925,2026-05-31
TECH,Bio-Techne Corporation,8091473052,1210811000,109573000,72.78873239436619,24.951236940190416,0.06018193967867436,0.10548642568521105,-0.2071312156788918,True,51.68,0.12575075800003876,2026-05-31
BIIB,Biogen Inc.,28936852000,9857400000,1372389000,20.917822838847385,13.407833458290693,0.1318358714043993,-0.06107795363060775,-0.18662947700340826,True,196,0.11601538343667395,2026-05-31
BLK,"BlackRock, Inc.",162511369920,25710000000,6255000000,25.9514129895885,19.697837787492983,0.22931119920713577,0.08365409010691982,0.02209545027803328,True,1046.88,0.1400725723677465,2026-05-31
BX,Blackstone Inc.,140535923092,14986693000,3054091000,29.92071611253197,19.631730945105325,0.2183264665523553,0.20695069111053788,0.2093390964500057,True,116.99,0.26725936068921663,2026-05-31
XYZ,"Block, Inc.",45073057660,24478734000,807083000,58.253846153846155,19.468967396613692,0.05396598773324425,0.20564048608902796,0.34718634815651384,False,75.73,0.298579868270185,2026-05-31
BNY,Bank of New York Mellon Corp,95701823970,40653000000,5961000000,17.15006150061501,15.882381753543436,0.137212235107935,0.19487323269488477,0.14204053976602338,True,139.43,0.09767499609860453,2026-05-31
BA,The Boeing Company,182216007300,92184000000,2268000000,95.51652892561981,56.18155038232134,0.024982394956574228,0.0899505600378272,,False,231.15,0.9038776571698011,2026-05-31
BKNG,Booking Holdings Inc.,129737896539,27687000000,6154000000,21.95515342250197,16.016752396103477,0.20076531559980682,0.3169056376027688,1.5858918009639833,True,167.43,0.17929521697662865,2026-05-31
BSX,Boston Scientific Corporation,71805818697,20615000000,3553000000,20.129166666666663,14.327871283458146,0.14376805818471655,0.15155785671653277,,True,48.31,0.11010899384592565,2026-05-31
BMY,Bristol-Myers Squibb Company,116765562600,48482000000,7275000000,16.06179775280899,9.052166314163047,0.1463460181765365,0.025378080148594995,,False,57.18,-0.02577920186425864,2026-05-31
AVGO,Broadcom Inc.,2115308515900,68282000000,24972000000,84.6155303030303,39.667192283378434,0.3619828760154648,0.21743712435641926,0.4938517882739637,True,446.77,0.619633737489967,2026-05-31
BR,"Broadridge Financial Solutions, Inc.",17778993415,7322300000,1100500000,16.318471337579616,14.794810074561147,0.1218591688319229,0.08750693129534581,0.12212909198873878,True,153.72,0.0943972789560863,2026-05-31
BRO,"Brown & Brown, Inc.",19065825000,6425000000,1148000000,15.84507042253521,12.467169786229595,0.17696440564137006,0.17975743380468878,0.1486983549970351,True,56.25,0.082983698482884,2026-05-31
BF.B,,,,,,,,,,,,,2026-05-31
BLDR,"Builders FirstSource, Inc.",8202525600,14820231000,291501000,28.996197718631183,17.78924434201257,0.028649158777926245,0.12158418355646372,0.07766777235487088,True,76.26,0.4407864964099597,2026-05-31
BG,Bunge Global S.A.,23922419400,80542000000,686000000,28.541666666666664,13.47708894878706,0.011645929612513331,0.11176625564063314,-0.09163276310579227,True,123.3,0.196762219555223,2026-05-31
BXP,"BXP, Inc.",9570214770,3489212000,317327000,30.005,30.68435154316569,0.07948817426748403,0.04715781564685306,-0.2058443010509734,True,60.01,-0.08421962244084014,2026-05-31
CHRW,"C.H. Robinson Worldwide, Inc.",21058018953,16198957000,599012000,35.730000000000004,28.997904489521634,0.036166424656110606,0.00031641390725023477,0.054653125308647965,True,178.65,0.19344921674006077,2026-05-31
CDNS,"Cadence Design Systems, Inc.",103411692880,5528613000,1170969000,86.99071925754059,47.22807609800584,0.20935217177145496,0.1457277629468552,0.13619771457103647,True,374.93,0.178891784685421,2026-05-31
CPT,Camden Property Trust,10711411200,1573848000,388089000,29.76536312849162,67.54949255472232,0.2443287254757414,0.08554852327906848,0.2334351350470938,True,106.56,-0.19374837560459202,2026-05-31
CPB,Campbell Soup Company,6293862060,10037000000,550000000,11.41081081081081,9.693713550994167,0.058714522578757436,0.03360890305564035,-0.1782257648083696,True,21.11,-0.01880883500941366,2026-05-31
COF,Capital One Financial Corporation,116947482709,75164000000,3223000000,65.940350877193,9.62092244747093,0.03542135967192283,0.16958269481006694,-0.04933492867213851,True,187.93,0.24089217123224893,2026-05-31
CAH,"Cardinal Health, Inc.",46091740800,250549000000,1559000000,30.000000000000004,16.41840229256959,0.007013271751925168,0.07795952230430081,,False,196.8,0.12766559185086623,2026-05-31
CCL,Carnival Corporation & plc,38867017709,26976000000,3097000000,11.940425531914892,12.66091225347092,0.10367365336939373,0.36616653677998,,False,28.06,0.1757908558072796,2026-05-31
CARR,Carrier Global Corporation,53049171617,21870000000,1310000000,40.85849539406346,22.81666291568873,0.06823929737435049,0.04493896559222432,-0.053451758065176214,True,63.87,0.14184769600645897,2026-05-31
CVNA,Carvana Co.,79133258520,22522000000,1596000000,26.70080468178493,48.2392667631452,0.06923531148509005,0.294685601597543,,False,73,0.3698299731049568,2026-05-31
CASY,"Casey's General Stores, Inc.",28435526982,16982080000,650071000,43.7865296803653,37.887217447262664,0.0342841391818617,0.11680807463557441,0.155691501464851,True,767.14,0.10592557582258766,2026-05-31
CAT,Caterpillar Inc.,403458129190,70755000000,9419000000,43.402874132804754,35.709116675656425,0.13127875837784256,0.10115402157081044,0.27956408301107905,True,875.87,0.22052959261510674,2026-05-31
CBOE,"Cboe Global Markets, Inc.",34908388240,4792000000,1235100000,28.412265758091994,25.056037306122942,0.23333757583471215,0.06585038230655771,0.19568720830866382,True,333.56,0.059001424218933174,2026-05-31
CBRE,"CBRE Group, Inc.",36622622190,42167000000,1312000000,28.424999999999997,16.266157885906694,0.028532675709001233,0.11221112117132948,0.11613503702063532,True,125.07,0.1466568344004464,2026-05-31
CDW,CDW Corporation,16026670428,22904800000,1077100000,15.206060606060607,11.71863688292666,0.047564896651370626,0.03958829916272788,0.08012267387303029,True,125.45,0.09092335759263981,2026-05-31
COR,"Cencora, Inc.",52406950960,328680018000,2548677000,20.53048780487805,15.157781953258256,0.004836633260295768,0.11093539055828328,,True,269.36,0.11396360579187559,2026-05-31
CNC,Centene Corporation,29422894245,198101000000,-6443000000,,17.103499349846,-0.03425969185273415,0.11880138768445447,,False,59.585,0.291533071740834,2026-05-31
CNP,"CenterPoint Energy, Inc.",27645202225,9412000000,1071000000,25.926380368098158,22.14664158181313,0.1124291973923266,0.04753841947564186,,True,42.26,0.09087145410048247,2026-05-31
CF,"CF Industries Holdings, Inc.",17260218150,7407000000,1758000000,10.076233183856504,6.724951575560083,0.20539243365330323,0.11427395430219223,0.4351291133758217,True,112.35,-0.3382025135217318,2026-05-31
CRL,"Charles River Laboratories International, Inc.",8704390488,4027044000,-184650000,,16.289410846326433,-0.035946268624006385,0.06549616324686203,,False,180.71,0.11087363920636117,2026-05-31
SCHW,The Charles Schwab Corporation,151913879000,28325000000,9422000000,17.26284584980237,14.208889380502182,0.31985546522131886,0.1797659839985033,0.17050493728805405,True,87.35,0.19168743371353836,2026-05-31
CHTR,"Charter Communications, Inc.",17715989250,54636000000,4933000000,3.826029216467463,3.499012357914108,0.09104684704421806,0.026340091213644445,0.18413009758748378,True,144.05,0.09605730170158155,2026-05-31
CVX,Chevron Corporation,363387336000,185887000000,11009000000,31.51295336787565,12.704721413158293,0.06668582458575519,0.14316140269739064,,True,182.46,-0.1424083266546392,2026-05-31
CMG,"Chipotle Mexican Grill, Inc.",40880732580,12138590000,1451986000,29.238532110091743,28.064212185521438,0.12877849929743582,0.14785897917720714,0.356911634828607,True,31.87,0.19636142689831892,2026-05-31
CB,Chubb Limited,120907630843,61145000000,11299000000,10.949420442571126,11.502578514055633,0.1724570530083803,0.10644458706328908,0.27072663195913194,True,311.73,0.08022433219880676,2026-05-31
CHD,"Church & Dwight Co., Inc.",22658916659,6205400000,733000000,31.45723684210526,25.51487322605863,0.11877740521021408,0.04847582950857543,-0.00896431505556361,True,95.63,0.07265188726817717,2026-05-31
CIEN,Ciena Corporation,82043609298,5124289000,229049000,359.74331948663894,94.17407181984176,0.025859695771491685,0.061907524784472256,-0.1795338292467129,True,580.23,0.41644471495232294,2026-05-31
CI,Cigna Corporation,73381176523,277944000000,6288000000,11.69477234401349,9.112670915961397,0.02166559981378568,0.11380704954833121,-0.007625112196703254,True,277.4,0.09905644107166833,2026-05-31
CINF,Cincinnati Financial Corporation,24350827540,12922000000,2757000000,8.985159817351597,18.131370080590262,0.18945451666534716,0.1088157063187396,0.15006621878331705,False,157.42,0.048889738648889125,2026-05-31
CTAS,Cintas Corporation,68518899620,11027210000,1937235000,35.6049896049896,31.502812554034513,0.17526588751202712,0.07853982528324233,0.16473290669151863,True,171.26,0.10863926833126691,2026-05-31
CSCO,"Cisco Systems, Inc.",474627562359,60746000000,11958000000,39.87417218543047,28.191831813552778,0.17968722420305716,0.028193774467121013,-0.006886653866353454,True,120.42,0.11684556766437626,2026-05-31
C,Citigroup Inc.,215975769587,171188000000,15989000000,15.358536585365854,11.581690739245508,0.08477617615952276,0.1363286781908457,0.08764943237872602,True,125.94,0.1530293193158765,2026-05-31
CFG,"Citizens Financial Group, Inc.",26328633320,11278000000,1975000000,14.615023474178404,11.989585660255273,0.16424470757086473,0.0774878925227871,0.11928923410636116,True,62.26,0.22950639727008704,2026-05-31
CLX,The Clorox Company,10885308420,6760000000,756000000,14.566343042071198,14.493010286141159,0.11402027027027027,0.011145867999568182,-0.025385199299367556,True,90.02,0.0786183823920068,2026-05-31
CME,CME Group Inc.,99118860240,6758400000,4242500000,23.18135593220339,22.327645173771018,0.6202496702757415,0.059520819337337105,0.1371372741971264,True,273.54,0.0496858261816413,2026-05-31
CMS,CMS Energy Corporation,22419840115,8822000000,1107000000,19.883561643835616,18.684382610844796,0.12542452277784283,0.05876959284069705,0.059023912034744885,True,72.575,0.07454186897890458,2026-05-31
KO,The Coca-Cola Company,339939135846,49284000000,13701000000,24.76802507836991,24.16828787823172,0.2733985523873094,0.07746156826284567,0.11123386176399142,True,79.01,0.06667461978000477,2026-05-31
CTSH,Cognizant Technology Solutions Corporation,26420566095,21406000000,2229000000,12.094360086767896,9.76200356127975,0.105647148000758,0.04856688163062173,0.12064750186187467,True,55.755,0.08124760348984394,2026-05-31
COHR,"Coherent, Inc.",57320147903,6602414000,469030000,157.8471615720524,43.998967794708,0.008496217372633761,0.19541572150598796,,False,361.47,0.47015246938074995,2026-05-31
COIN,"Coinbase Global, Inc.",49801747962,5811068999,800602000,57.8073394495413,210.22954757773923,0.1755006214034318,0.4124400593047477,0.5291945763013088,False,189.03,4.766804573157168,2026-05-31
CL,Colgate-Palmolive Company,72121062510,20795000000,2087000000,34.745566692367,23.708875110810645,0.10460209989206162,0.043531026206107715,-0.03470807181285962,True,90.13,0.05410190107667168,2026-05-31
CMCSA,Comcast Corporation,88841330679,125278000000,18797000000,4.895669291338582,7.048880171871368,0.16165617143734792,0.03618450068524881,0.18657142599824028,True,24.87,0.08212356372335061,2026-05-31
FIX,"Comfort Systems USA, Inc.",64395046272,10135687000,1223647000,52.71700288184439,42.3971661056295,0.11234875117574952,0.2608175923604037,0.4774109800531947,True,1829.28,0.23291926905401827,2026-05-31
CAG,"Conagra Brands, Inc.",6353643360,11181300000,-43300000,,8.002410364567641,0.09923532653623587,0.009904608998671405,0.0697879928679963,True,13.28,0.053100331425127933,2026-05-31
COP,ConocoPhillips,138861150918,58310000000,7322000000,19.35144312393888,11.235057954486088,0.13604932384099191,0.2562573622836941,,True,113.98,-0.11267290486080372,2026-05-31
ED,"Consolidated Edison, Inc.",38924107442,17215000000,2155000000,17.721476510067117,17.3082280451633,0.11957678212554676,0.06689238948915177,0.1146130067158595,True,105.62,0.062024154826868516,2026-05-31
STZ,"Constellation Brands, Inc.",23901055860,9138700000,1686700000,14.475495307612096,11.734563199862045,0.18456067403435825,0.011914464529408919,-0.015849606149370365,False,138.82,0.056694795693325695,2026-05-31
CEG,Constellation Energy Corporation,103932440628,29867000000,3804000000,25.0,24.558271165986604,0.0908236399953002,0.07721658498380646,0.32630186791424665,False,287.75,0.15640823655824065,2026-05-31
COO,"The Cooper Companies, Inc.",11942952302,4151899999,401400000,30.32149403081191,13.249433960630501,0.09160883589091975,0.10979355015450176,-0.17300227280431035,True,61.21,0.08826967284439657,2026-05-31
CPRT,"Copart, Inc.",31567603160,4638867000,1553201000,20.2283950617284,20.592190425919643,0.33407855203339476,0.16072427791153787,0.16507242246282638,True,32.77,0.06735035001068268,2026-05-31
GLW,Corning Incorporated,156025031294,16321000000,1810000000,85.91943127962084,56.8170065532771,0.10211785782839593,0.06695841428340232,0.28063048802615653,True,181.29,0.3255797190019962,2026-05-31
CPAY,"Corpay, Inc.",23647942294,4783723000,1176659000,21.370348493797994,13.511277883815708,0.23624796644644921,0.13645189195144858,0.1272108618750205,True,361.8,0.1451394316823409,2026-05-31
CTVA,"Corteva, Inc.",52361917800,17889000000,1162000000,45.78362573099416,20.94463542851028,0.0628699500028734,0.04124576663707025,0.12087426179583294,True,78.29,0.10420952661218053,2026-05-31
CSGP,"CoStar Group, Inc.",13149063200,3411900000,25300000,550.4273504273505,23.634241759209647,0.0021558361564521095,0.14373703938612636,-0.5108617715870404,True,32.2,0.3041183767239417,2026-05-31
COST,Costco Wholesale Corporation,424274236960,293587000000,8838000000,48.03214465092918,46.633991533593765,0.029425763438516175,0.10540604135545939,0.15046987442949367,True,956.32,0.10310758363148453,2026-05-31
CRH,CRH plc,72693501499,55886000000,5053000000,18.596581196581198,18.274972912589558,0.09960744518920074,0.10707033105858454,0.31109676391322116,True,108.79,0.1278374587389446,2026-05-31
CRWD,"CrowdStrike Holdings, Inc.",186066196851,4812005000,-162502000,,150.17359327813958,-0.03377012284899953,0.40643417090854195,,False,731,0.2644185138771904,2026-05-31
CCI,Crown Castle Inc.,39935356445,4214000000,1059000000,37.654320987654316,43.673749928403694,0.1041031652989449,-0.06092292691478873,-0.15445323216097306,False,91.5,0.3752553601771773,2026-05-31
CSX,CSX Corporation,84099416400,14151000000,3050000000,27.766871165644172,23.704774474682086,0.20500993471473175,0.05894344821402786,0.05115774595007161,True,45.26,0.13434102193451092,2026-05-31
CMI,Cummins Inc.,89227870394,33894000000,2673000000,33.40030991735537,22.2868731375332,0.08443718443718444,0.11190413083747286,0.11305411137128529,True,646.63,0.15753944483238058,2026-05-31
CVS,CVS Health Corporation,116083866391,407905000000,2932000000,39.38528138528139,12.319783557462758,0.004397277070736966,0.08393742925077285,-0.2388513254585054,True,90.98,0.13331717416826572,2026-05-31
DHR,Danaher Corporation,129288460434,24778000000,3689000000,35.19653179190752,21.648007451835046,0.14710192119830673,0.019706835895877406,0.00399214295703465,True,182.67,0.07801317581140021,2026-05-31
DRI,"Darden Restaurants, Inc.",23354832462,12763800000,1105600000,21.441640378548897,17.891377726458725,0.08691115950549405,0.09117380667048192,,True,203.91,0.10149239587930614,2026-05-31
DDOG,"Datadog, Inc.",88046755717,3672031000,135673000,642.8014553014552,102.02440171257454,0.03143741840907247,0.4153252804745149,,False,247.35,0.1675039803334406,2026-05-31
DVA,DaVita Inc.,12477912000,13835088000,781416000,19.148768472906408,13.220473640677376,0.054738636885879564,0.0338593890156329,0.08247457205555286,True,194.36,0.15677103739497622,2026-05-31
DECK,Deckers Outdoor Corporation,15811601850,5467095000,1024071000,16.148936170212764,15.21531982909661,0.18774973888278684,0.16463734989441448,0.25403414127260215,True,113.85,0.11292747564680128,2026-05-31
DE,Deere & Company,146354683388,46857000000,4783000000,30.648954211418882,30.110689466923393,0.11254897570804881,0.05165313573877883,0.16175801053997452,True,542.18,0.2634577032504861,2026-05-31
DELL,Dell Technologies Inc.,284378248229,134002000000,8409000000,32.9140625,24.70589546116401,0.052282055347108454,0.05549088853532669,0.15442391375721543,True,421.3,0.20381748013940393,2026-05-31
DAL,"Delta Air Lines, Inc.",54188865120,65178000000,4477000000,11.919075144508671,15.065968410419776,0.07898806893504198,0.29955509431200555,,True,82.48,0.4768028290703048,2026-05-31
DVN,Devon Energy Corporation,27647470128,16543000000,2268000000,12.32409972299169,7.850160567455977,0.15371189201768676,0.28911486607531267,,True,44.49,-0.026678900377598125,2026-05-31
DXCM,"DexCom, Inc.",28454273324,4817900000,930400000,30.724999999999998,28.506262563785366,0.17938652938652938,0.19330547815255028,0.10313457210493349,True,73.74,0.18785758466058455,2026-05-31
FANG,"Diamondback Energy, Inc.",53865813240,15191000000,403000000,225.2705882352942,9.58489323115721,0.11074138160521763,0.3980887158073645,,True,191.48,-0.1368119868230243,2026-05-31
DLR,"Digital Realty Trust, Inc.",66767140000,6417949000,1377889000,48.10126582278481,91.00444963861653,0.21407736558622617,0.09383858903712894,0.2986062585765663,True,190,0.07835962084672432,2026-05-31
DG,Dollar General Corporation,24345984300,42724369000,1512311000,16.09170305676856,15.278390095788803,0.03539691832546433,0.048307062204305806,-0.08480299150030579,True,110.55,0.09350153613121592,2026-05-31
DLTR,"Dollar Tree, Inc.",22376857000,19747900000,1286400000,18.165366614664585,16.816553126529975,0.06606806169443329,-0.05316685313750236,0.018329698753525747,False,116.44,0.10114483696868781,2026-05-31
D,"Dominion Energy, Inc.",58870717700,17574000000,2973000000,19.68823529411765,18.657361212533374,0.18163092208893736,0.030960768926807214,,True,66.94,0.06254424643102019,2026-05-31
DPZ,"Domino's Pizza, Inc.",10330480591,4978532000,591864000,17.777904979965655,16.16266537745584,0.12180257708815032,0.037099536577790415,0.0700462497862433,True,310.58,0.08975124233121634,2026-05-31
DASH,"DoorDash, Inc.",69405630449,14721000000,925000000,74.08837209302325,62.118316889599505,0.0681635926222935,0.3658171522120788,,False,159.29,0.7444838747416449,2026-05-31
DOV,Dover Corporation,28462036463,8280135000,1101568000,26.22332506203474,19.833476122600462,0.13518027830710413,0.03899422656407947,0.10952219912971839,True,211.36,0.0934282842860803,2026-05-31
DOW,Dow Inc.,24325008750,39331000000,-2761000000,,10.762563499124644,-0.06562750200160128,0.00729257790550264,,False,33.75,-0.2000880138526151,2026-05-31
DHI,"D.R. Horton, Inc.",41711725276,33348400000,3172600000,13.733893557422968,13.906813289047854,0.10467614976759396,0.11016221220279032,0.12354969518738557,True,147.09,0.12284588104375338,2026-05-31
DTE,DTE Energy Company,29720960360,16327000000,1265000000,23.382978723404257,18.511800025395903,0.09244972808903504,0.06721596030895838,-0.000847698308387046,True,142.87,0.0800268989268933,2026-05-31
DUK,Duke Energy Corporation,95679817080,33293000000,5139000000,18.794793261868303,18.31277193862021,0.15410863293730806,0.0664832757598337,0.29688116368364637,True,122.73,0.06971924295869214,2026-05-31
DD,"DuPont de Nemours, Inc.",19848374069,9703000000,-29000000,,20.315430412727984,-0.11373923200467222,-0.1373637226585247,,False,48.42,0.09986112334847963,2026-05-31
ETN,Eaton Corporation plc,155552980000,28522000000,3991000000,39.044834307992204,30.036469642621498,0.14897260273972604,0.0897718296066381,0.24478307400196653,True,400.6,0.17439897069232324,2026-05-31
EBAY,eBay Inc.,48515880000,11604000000,2040000000,24.282222222222227,17.87159990644683,0.18297297297297296,0.04531015795011939,-0.11064322921292957,False,109.27,0.10399285593956331,2026-05-31
SATS,EchoStar Corporation,37234489132,14802720000,-14441396000,,71.8532567284215,-0.966157322741123,0.5137390581525174,,False,129.19,0.8367825937028983,2026-05-31
ECL,Ecolab Inc.,72048128000,16452300000,2105700000,34.40860215053764,30.762242711691695,0.12906996990274358,0.0640436792245791,,True,256,0.14555828063096254,2026-05-31
EIX,Edison International,26912492360,19609000000,3701000000,7.577464788732394,11.42254261813692,0.23590619661438111,0.0730520166744526,0.4236678373432101,True,69.94,0.06405214454399655,2026-05-31
EW,Edwards Lifesciences Corporation,49789426000,6303500000,1092800000,45.751322751322746,28.710119761075493,0.17692333047662998,0.06704742515528728,0.06868269837417618,True,86.47,0.1198341207837097,2026-05-31
EA,Electronic Arts Inc.,50581491720,7531000000,887000000,56.822535211267606,22.747032297132264,0.11777984331430089,0.05994731676895082,0.041276509313012744,True,201.72,0.07929999763192708,2026-05-31
ELV,Elevance Health Inc.,85386076192,200415000000,5243000000,16.724372607401104,14.644826002602018,0.028434400502197112,0.10318394736699799,0.06672828641716388,True,393.19,0.0889677183622557,2026-05-31
EME,"EMCOR Group, Inc.",36820417874,17750861000,1334807000,27.77359758145785,28.16792007699318,0.07474985285462037,0.1406992475937665,0.6353684187340349,True,826.82,0.11926175125412009,2026-05-31
EMR,Emerson Electric Co.,80553582000,18316000000,2445000000,33.06206896551724,22.111900175117885,0.12727575488454707,0.014255579608092983,0.04542772742311407,True,143.82,0.10278297528208746,2026-05-31
ETR,Entergy Corporation,49932560665,13287438000,1801711000,27.39949748743718,24.806585972279404,0.13697157712792293,0.05063111672779641,0.027804984319473647,True,109.05,0.1468558988719315,2026-05-31
EOG,"EOG Resources, Inc.",71042056020,23483000000,5497000000,13.05088062622309,7.84976105840533,0.22067620862321088,0.17976672053386444,,True,133.38,-0.13337060665269895,2026-05-31
EPAM,"EPAM Systems, Inc.",5352966449,5555425000,386717000,14.637142857142857,7.856379915700721,0.06920911201937455,0.1546022558694533,0.02863599842509834,True,102.46,0.08603219076143098,2026-05-31
EQT,EQT Corporation,34344996980,10033148000,3351038000,10.130996309963098,11.454378572322582,0.2247554633815858,0.27826343908245676,,False,54.91,-0.021352580416371114,2026-05-31
EFX,Equifax Inc.,20012073794,6281400000,698700000,29.00174825174825,19.263596227405422,0.10870030455181497,0.08035053389890412,0.04603015395263177,True,165.89,0.19324560649729783,2026-05-31
EQIX,"Equinix, Inc.",105334590568,9458000000,1422000000,73.65793103448276,62.16998896931491,0.14578833693304535,0.09071933808067456,0.2672151693281686,True,1068.04,0.09680925064103119,2026-05-31
EQR,Equity Residential,24522282400,3120117000,953576000,25.97222222222223,44.799310042711646,0.3611930807353952,0.03814589774821986,0.04705353957462588,True,65.45,0.04822856204139736,2026-05-31
ERIE,Erie Indemnity Company,9841504719,4090284000,571392000,17.36511817440913,16.830173775671405,0.13752139647890543,0.0990406294397781,0.13773335782497553,True,213.07,0.0031595576619272148,2026-05-31
ESS,"Essex Property Trust, Inc.",17520637056,1907522000,575564000,30.633707865168535,46.84109522672334,0.353837136251564,0.04907017290051763,0.036778996774372796,True,272.64,0.02688586778180002,2026-05-31
EL,The Estée Lauder Companies Inc.,32170959406,14838000000,-248000000,,28.07446123546567,-0.0792973124300112,-8.396540743660363e-05,,False,88.95,0.217958186569708,2026-05-31
EG,"Everest Re Group, Ltd.",12822386196,17148000000,2034000000,6.58999389871873,6.215367877349153,0.09186973091581015,0.12528724946008962,0.2420134415720543,True,324.03,0.16347608685978043,2026-05-31
EVRG,"Evergy, Inc.",18911286520,5994700000,882100000,21.42036553524804,19.306255000705985,0.14453190986181966,0.03797043284598112,0.06404746433542119,True,82.04,0.07139596178283991,2026-05-31
ES,Eversource Energy,25674981600,13933259000,1748424000,14.587606837606835,14.585768033517143,0.12492371142056642,0.0875493314655047,0.05075863807197911,False,68.27,0.05646724024108085,2026-05-31
EXC,Exelon Corporation,46699219601,24786000000,2779000000,16.65693430656934,15.999439108182012,0.11410668645395333,-0.059918254680065175,0.06392472332910337,True,45.64,0.06191895113230039,2026-05-31
EXE,Expand Energy Corporation,22243512420,14096000000,3227000000,6.856932153392331,10.40597632970538,0.15616414835164835,0.17458034092135088,,False,92.98,0.029118379452169885,2026-05-31
EXPE,"Expedia Group, Inc.",25852729210,15171000000,1488000000,18.830269873569737,11.47337226390128,0.08783004140365167,0.23161302817574048,,True,225.79,0.1736524542315141,2026-05-31
EXPD,"Expeditors International of Washington, Inc.",20663691103,11185552000,836637000,25.441223832528184,23.338089878013836,0.07351733113596709,0.029221442160778155,0.07595670927396014,True,157.99,0.010712565845645727,2026-05-31
EXR,Extra Space Storage Inc.,30487065674,3393641000,944101000,32.356502242152466,30.993949833228456,0.2883750964458769,0.19628373493898388,0.043488711431628246,True,144.31,0.04974581567716996,2026-05-31
XOM,Exxon Mobil Corporation,602385583500,326008000000,25314000000,24.63220338983051,13.320916487853705,0.08905080193266544,0.12647066121522932,,True,145.33,-0.046618166419337914,2026-05-31
FFIV,"F5, Inc.",21633960262,3224625000,708214000,31.12418831168831,23.257365540038514,0.22421109352372612,0.05607201474998624,0.18819565607651878,True,383.45,0.07069584072540924,2026-05-31
FDS,FactSet Research Systems Inc.,8942748745,2401061000,587794000,15.664964901084875,13.869270528464012,0.2571510775501906,0.09216044460399142,0.09872812602671632,True,245.47,0.09157436306560207,2026-05-31
FICO,Fair Isaac Corporation,29002315135,2255802000,759634000,39.27732412060302,29.088521362766024,0.3274680554069605,0.08989325752163668,0.2703761943230647,True,1250.59,0.25759270906407994,2026-05-31
FAST,Fastenal Company,50743368000,8442700000,1299700000,38.771929824561404,35.67853798714927,0.15345405767940978,0.07745687030729775,0.0796084730466029,True,44.2,0.10510638984856824,2026-05-31
FRT,Federal Realty Investment Trust,10334739637,1311510000,506408000,20.625862068965517,31.97696952525039,0.32145426507893315,0.08886021593217874,0.24212155915246347,True,119.63,-0.17710157091573941,2026-05-31
FDX,FedEx Corporation,98246331783,91933000000,4484000000,22.042291220556745,18.17893636334738,0.04653913518185747,0.04901309314609992,0.28083194005563605,True,411.75,0.1667861671429025,2026-05-31
FIS,"Fidelity National Information Services, Inc.",22225797000,11658000000,2671000000,8.301158301158301,6.849958820596393,0.035777840217289504,-0.031839717237975185,0.23728631641333142,False,43,0.09033343369319513,2026-05-31
FITB,Fifth Third Bancorp,35283446472,13658000000,2173000000,16.643333333333334,16.33893890159659,0.1960982434323022,0.09878609798292981,0.14046537908661838,True,49.93,0.6066186937357037,2026-05-31
FSLR,"First Solar, Inc.",32965505870,5419048000,1665313000,19.767396907216497,17.136789327923267,0.2927991775262024,0.13995360646283728,0.3053452822297642,False,306.79,0.35967372008923926,2026-05-31
FE,FirstEnergy Corp.,26833414090,15527000000,1065000000,25.277898866608545,16.981415252158826,0.06759443339960239,0.06938369730247462,-0.02315864360495601,True,46.39,0.07808010073907057,2026-05-31
FISV,"Fiserv, Inc.",30160846240,21090000000,3200000000,9.570219966159053,6.951246640210307,0.16420516208181946,0.07369640630416341,0.346947424123641,True,56.56,0.10015399420155902,2026-05-31
F,Ford Motor Company,68257379262,189861000000,-6105000000,,10.538146398056728,-0.043691627462393266,0.08052066341481323,,False,17.44,0.110378623998453,2026-05-31
FTNT,"Fortinet, Inc.",101083498506,7109500000,1954500000,53.06538461538462,43.797358254581475,0.27257485734454967,0.21252104718544174,0.3238772379232493,True,137.97,0.08522343096765606,2026-05-31
FTV,Fortive Corporation,17779494745,4737799999,543700000,34.50887573964497,19.506973943873966,0.11262785363680393,0.021028455920433453,-0.17503691742128724,True,58.32,0.07497407766665543,2026-05-31
FOXA,Fox Corporation,28029229565,16201000000,1711000000,16.68929503916449,11.23447394646049,0.13883435582822085,0.05787734376570852,0.24978053644765996,True,63.92,-0.02459386638498473,2026-05-31
FOX,Fox Corporation,25165792940,16201000000,1711000000,14.984334203655353,10.066178237480422,0.13883435582822085,0.05787734376570852,0.25131967970519375,True,57.39,-0.02805690661905147,2026-05-31
BEN,"Franklin Resources, Inc.",16119144765,9029700000,812000000,23.149253731343286,11.33738779567849,0.05984699054807484,0.0951923677117521,-0.10560604841265264,True,31.02,0.07332022455483767,2026-05-31
FCX,Freeport-McMoRan Inc.,94462058729,26421000000,2733000000,34.952127659574465,25.124648231983358,0.08562215920127424,0.13161127739793788,0.3013122402637112,True,65.71,0.43394026061421753,2026-05-31
GRMN,Garmin Ltd.,45126423642,7463909000,1736196000,25.941241685144128,24.34512457641314,0.2296435907489857,0.11594339557461586,0.10756634324828984,True,233.99,0.08255326764030513,2026-05-31
IT,"Gartner, Inc.",10862276094,6474167000,740584000,16.0,11.84229254637757,0.11222876241908893,0.09648292459993879,0.26485526773633117,True,162.24,0.12488567559972408,2026-05-31
GE,GE Aerospace,338274058168,48352000000,8661000000,39.72515337423312,42.83871309203258,0.1898157234761749,-0.09571662462564223,0.11808457400256667,False,323.76,0.13795558143073583,2026-05-31
GEHC,GE HealthCare Technologies Inc.,28357953939,19954000000,1505000000,18.89090909090909,12.779775400674865,0.10104242424242424,0.037421132139470625,0.006712012076735441,True,62.34,0.1085747905912644,2026-05-31
GEV,GE Vernova Inc.,260206950400,39375000000,9375000000,27.945743145743148,33.14812348798829,0.1282967321634969,,,,968.32,-0.16744745550701745,2026-05-31
GEN,Gen Digital Inc.,15536772860,5000000000,973000000,16.118750000000002,8.865680979865726,0.1946,0.1440681863736788,0.11084599644721216,True,25.79,0.13391337827478456,2026-05-31
GNRC,Generac Holdings Inc.,16360195137,4326391000,188967000,85.7746913580247,31.122543826445714,0.03790649269317513,0.1111342884289317,-0.1341553911840151,True,277.91,0.2300947193248477,2026-05-31
GD,General Dynamics Corporation,93790597455,53808000000,4341000000,21.52824332712601,20.793064581884458,0.08011417697431018,0.06740547524230567,0.07214502590085092,True,346.82,0.09191707235185498,2026-05-31
GIS,"General Mills, Inc.",18043754610,18371200000,2214300000,8.266503667481663,10.476801368398547,0.11778350250941673,0.020266211621276398,0.02792292873241564,True,33.81,0.04208383300331886,2026-05-31
GM,General Motors Company,75054610832,184623000000,2540000000,32.64313725490196,6.504746104693278,0.014576881293272583,0.08599214638939268,-0.05247309881225526,True,83.24,0.1124100459411368,2026-05-31
GPC,Genuine Parts Company,13731351467,24699012000,60088000,224.3181818181816,12.834132811819366,0.0027137702616622677,0.08001090137708289,,True,98.7,0.0887882732174925,2026-05-31
GILD,"Gilead Sciences, Inc.",166904238162,29734000000,9216000000,18.11725067385445,513.4051329055912,0.2890428639358739,0.035840200382828424,1.338054778032157,True,134.43,35.774633363886345,2026-05-31
GPN,Global Payments Inc.,17872848058,8830831000,-705505000,,5.442805491964456,0.181693377445114,0.0074929239477736775,0.24530475718949218,True,75.51,0.158525404083798,2026-05-31
GL,Globe Life Inc.,11898289152,6077824000,1177118000,10.424489795918369,9.805351863938267,0.19357012863110176,0.04828938086222112,0.15690417766579068,True,153.24,0.06246720671606454,2026-05-31
GDDY,GoDaddy Inc.,11364750300,5023700000,870100000,13.431924882629106,12.059094198062509,0.17672840378905696,0.08342562059026815,,True,85.83,0.26189435823223195,2026-05-31
GS,"The Goldman Sachs Group, Inc.",302547810681,110774000000,18068000000,18.498556998557,17.300161925440072,0.1373014540716404,0.18517775998287522,0.15742903301807165,True,1025.56,0.09634757677794514,2026-05-31
HAL,Halliburton Company,32455202005,22169000000,1540000000,21.33208873270371,16.49912726624113,0.05783447529751172,0.08959339537251054,,True,38.85,0.22927628924647614,2026-05-31
HIG,"The Hartford Financial Services Group, Inc.",34850251147,28757000000,4062000000,8.804016620498615,9.688265409546977,0.13574916837709675,0.06817778936529928,0.23044999012579281,True,127.13,0.10002773954699196,2026-05-31
HAS,"Hasbro, Inc.",12192279470,4814400000,-221500000,,14.42434042581684,-0.06857677663624955,-0.029670572494690073,,False,86.17,0.07520007767081305,2026-05-31
HCA,"HCA Healthcare, Inc.",83975313600,76388000000,6794000000,12.941538461538462,12.520337196422174,0.08973544973544974,0.07966065216727913,0.20899908953771873,True,378.54,0.09882744630963614,2026-05-31
DOC,"Healthpeak Properties, Inc.",13202393000,2872575000,222152000,60.71655041217501,70.7320676663958,0.02527783761415363,0.11403947363372668,-0.3351833999568201,True,19.15,-0.366513998670311,2026-05-31
HSIC,"Henry Schein, Inc.",8723763860,13384000000,395000000,22.92814371257485,14.323603458014896,0.030188106796116505,0.05434006338722708,0.03131030647754507,True,76.58,0.1050160668260256,2026-05-31
HSY,The Hershey Company,39357697335,11991324000,1094161000,35.40693430656935,23.006345924000684,0.07554015471013402,0.0748639898139154,-0.06416681711789596,True,194.03,0.18265044298154098,2026-05-31
HPE,Hewlett Packard Enterprise Company,57138317635,35787000000,-156000000,,17.795878222850366,0.001662001399580126,0.049436777892380324,,True,43.063,0.1346210270969448,2026-05-31
HLT,Hilton Worldwide Holdings Inc.,74625412825,12281000000,1542000000,49.593040847201216,36.29959205729801,0.12102334080903729,0.22823963694173832,,True,327.81,0.14922464310550265,2026-05-31
HD,"The Home Depot, Inc.",316225584529,166592000000,14012000000,22.460339943342774,21.20723563008172,0.08595908503002739,0.04506334520303379,0.03560331274993689,True,317.14,0.07633441284230047,2026-05-31
HON,Honeywell International Inc.,150720730885,36763000000,4101000000,33.59604519774012,22.62667695296113,0.12630201378131511,0.0278500503505279,0.01735468430539422,True,237.86,0.09117924882780937,2026-05-31
HRL,Hormel Foods Corporation,12783097320,12218454000,466849000,27.32941176470588,15.796273629810964,0.03950030397747924,0.04729856026370727,-0.12435815050371624,True,23.23,0.0639194886440908,2026-05-31
HST,"Host Hotels & Resorts, Inc.",15738525877,6165000000,1011000000,15.848275862068967,17.822519350385456,0.12512266928361138,0.30425371962783965,,False,22.98,-0.23393413888845804,2026-05-31
HWM,Howmet Aerospace Inc.,103327757485,8623000000,1744000000,59.367816091954026,51.50372940847992,0.1827435773145904,0.09428692393516935,0.5069315266446139,True,258.25,0.19834071237684991,2026-05-31
HPQ,HP Inc.,24728701920,57417000000,2553000000,9.86861313868613,8.988226221421495,0.04573650420472014,-0.004788030560913592,0.05843219304819747,True,27.04,-0.001163416855583299,2026-05-31
HUBB,Hubbell Incorporated,25026404898,5996100000,905700000,27.84303350970018,23.97210871648164,0.15178113130068782,0.0967872864810233,0.20818084578345442,True,473.61,0.10026213878727774,2026-05-31
HUM,Humana Inc.,36669183330,137200000000,1130000000,32.56076759061834,34.190694112958475,0.009162142152023692,0.10930392481016726,-0.17271025376003513,True,305.42,0.7463930843942128,2026-05-31
HBAN,Huntington Bancshares Incorporated,33163846800,13270000000,2207000000,12.300751879699247,11.153911709561957,0.17709251101321585,0.18971958384726695,0.1503346840762383,True,16.36,0.29872166354184415,2026-05-31
HII,"Huntington Ingalls Industries, Inc.",12143130680,12849000000,605000000,20.024041585445097,17.776262629758584,0.04846203140019224,0.059269098321768965,-0.021309076924178272,True,308.17,0.16000539915690082,2026-05-31
IBM,International Business Machines Corporation,279897753000,68911000000,10754000000,25.87315377932233,23.944450162095404,0.15685200266528468,0.041240412922473046,0.12585830952313648,True,297.8,0.07919839962949626,2026-05-31
IEX,IDEX Corporation,15604593413,3530100000,507700000,31.141802067946823,24.80595163998367,0.13975415762834417,0.08013502364002467,0.05136011361670656,True,210.83,0.08541657597153618,2026-05-31
IDXX,"IDEXX Laboratories, Inc.",44452936990,4446095000,1095233000,41.22384784198976,38.44506026036187,0.24617503721214898,0.09719004339104931,0.14067068407672845,True,563.53,0.13024915984789254,2026-05-31
ITW,Illinois Tool Works Inc.,71142456000,16221000000,3134000000,22.917516218721037,21.877997076799485,0.19109947643979058,0.04994811807277366,0.09574198377946397,True,247.28,0.06962065633991221,2026-05-31
INCY,Incyte Corporation,19326910680,5361020000,1431777000,13.252054794520548,12.845179339895342,0.2502605401574172,0.14029891744294387,,True,96.74,0.18229426003454963,2026-05-31
IR,Ingersoll Rand Inc.,28035382680,7781299999,587000000,47.76,20.423581196849227,0.07599105987530878,0.140025116890367,,True,71.64,0.09794139196227736,2026-05-31
PODD,Insulet Corporation,10039221850,2900900000,302800000,33.62877030162412,22.354175020821124,0.09124478416602046,0.2452622671955278,0.9988623428358181,True,144.94,0.25269132298960484,2026-05-31
INTC,Intel Corporation,576381680000,53763000000,-3174000000,,106.52844350313975,-0.005051747299112633,-0.07457071162960704,,False,114.68,0.3942425593579313,2026-05-31
IBKR,"Interactive Brokers Group, Inc.",149577844277,10623000000,1038000000,37.16666666666667,34.84109783309764,0.09616888193901485,0.3342248744273457,0.29597017099463363,True,86.97,0.1410790044027097,2026-05-31
ICE,"Intercontinental Exchange, Inc.",83611025343,13075000000,3920000000,21.427536231884055,18.30791976958149,0.26143377116632377,0.08920110580774909,0.08882417961645017,True,147.85,0.08742109082263672,2026-05-31
IFF,International Flavors & Fragrances Inc.,19415829122,10788000000,852000000,23.185975609756095,16.978326680419,-0.03314967860422406,0.16456696810652138,,False,76.05,0.06154838767290882,2026-05-31
IP,International Paper Company,17722933120,24966000000,-3351000000,,23.757808063600226,-0.1412275064267352,0.07225056619188153,,False,33.47,0.8913685406019305,2026-05-31
INTU,Intuit Inc.,90685721610,20925000000,4584000000,20.032024169184286,13.94459679997308,0.2054590834262652,0.1965028658180299,0.1457292500249434,True,331.53,0.14649418712249962,2026-05-31
ISRG,"Intuitive Surgical, Inc.",150391776320,10582100000,2979100000,50.73357228195937,40.88155670313505,0.28376404661837906,0.182210329592003,0.21511283653752766,True,424.64,0.13390577525156266,2026-05-31
IVZ,Invesco Ltd.,12625098560,6592400000,-243400000,,11.059421089011254,-0.04417368396292986,0.0074228276018251105,,False,28.48,0.14446368797520948,2026-05-31
INVH,Invitation Homes Inc.,17375728500,2788929000,582687000,30.789473684210527,37.854767112296,0.21541232610900393,0.08407914445504261,0.2236032947934692,True,29.25,-0.051042462048169424,2026-05-31
IQV,IQVIA Holdings Inc.,30410849000,16632000000,1385000000,22.384520884520885,14.230831411391382,0.08338442673206621,0.07503541699279603,0.40205395083847373,True,182.21,0.10535860586118728,2026-05-31
IRM,Iron Mountain Incorporated,38157540338,7245357000,272304000,140.93406593406593,54.07422398745225,0.020949943470752363,0.10723350508643814,-0.16260604064943718,True,128.25,0.09650298936645685,2026-05-31
JBHT,"J.B. Hunt Transport Services, Inc.",26067128685,12134195000,622096000,42.85736434108527,37.55607665825234,0.049860589497742164,0.044828913865963216,0.05022700602877883,True,276.43,0.23522850474019297,2026-05-31
JBL,Jabil Inc.,38462173680,32667000000,809000000,48.350132625994696,29.59874122535671,0.022045500301993155,0.01794613089068231,0.7553743576132639,True,364.56,0.17481086716127803,2026-05-31
JKHY,"Jack Henry & Associates, Inc.",9685645056,2515689000,519152000,19.039106145251395,18.790499439675905,0.19187062789859588,0.06955582479666544,0.10082797342706518,True,136.32,0.08496663556052386,2026-05-31
J,Jacobs Solutions Inc.,14162620627,13171974000,384268000,36.79141104294479,16.572867973906785,0.024127451010546076,-0.023763696704604875,-0.037944823767146474,True,119.94,0.14967120944352263,2026-05-31
JNJ,Johnson & Johnson,542418882600,96362000000,21040000000,25.989619377162626,19.4653402396,0.2845646704107524,0.02665503872479502,0.1455993034701839,True,225.33,0.10283639542638356,2026-05-31
JCI,Johnson Controls International plc,81792150960,24433000000,3531000000,23.896613190730836,27.522295399674807,0.13947279199864385,0.01120804194605829,0.2573753098024456,True,134.06,0.16492231510831545,2026-05-31
JPM,JPMorgan Chase & Co.,802004562522,285087000000,58899000000,14.30736137667304,13.442196668081351,0.20392857781193588,0.16592001654027677,0.17710616734203888,True,299.31,0.0604667560387937,2026-05-31
KVUE,Kenvue Inc.,33177749783,15292000000,1622000000,20.329411764705885,14.465819478627758,0.09719650886008992,0.00892210528560522,,True,17.28,0.052698109732616905,2026-05-31
KDP,Keurig Dr Pepper Inc.,40857600914,16944000000,1832000000,22.244444444444444,13.19338880736686,0.1252183340360176,0.07401671198285564,0.1023327628681987,True,30.03,0.10200602774873246,2026-05-31
KEY,KeyCorp,23126533925,11218000000,1946000000,13.006097560975608,11.694591868064387,0.16347872720772255,0.09395305369822693,0.036325756817212396,False,21.33,0.18632944427387166,2026-05-31
KEYS,"Keysight Technologies, Inc.",57993739450,6088000000,1050000000,55.61677631578947,33.23099843352916,0.1573953488372093,0.04952460179009255,0.07902188836274582,True,338.15,0.15967585649790594,2026-05-31
KMB,Kimberly-Clark Corporation,32397344000,16539000000,2119000000,15.32182103610675,12.95063499245652,0.11739079925650557,-0.020965346661061646,-0.02498589666021811,True,97.6,0.006407645120755312,2026-05-31
KIM,Kimco Realty Corporation,16239311200,2161507999,616182000,27.363636363636363,29.505103353632386,0.2729295983362255,0.15132812547686458,-0.18154664999820247,True,24.08,0.03488414835871745,2026-05-31
KMI,"Kinder Morgan, Inc.",69147584528,17524000000,3315000000,20.859060402684563,21.435813257374594,0.18029498525073745,0.08106829140420357,0.964694108403479,True,31.08,0.02986392258829862,2026-05-31
KKR,KKR & Co. Inc.,86141929960,19990094000,2961616000,30.457142857142852,15.919978627337427,0.12306545917864607,0.3541071570430132,-0.061636891473342614,False,95.94,0.22114897973745462,2026-05-31
KLAC,KLA Corporation,251029131958,13096661000,4670561000,54.10219594594595,38.24116624104844,0.33412215138297763,0.15925117998554894,0.31514311776552617,True,1921.71,0.19850279757838374,2026-05-31
KHC,The Kraft Heinz Company,28470521088,24990000000,-5760000000,,11.648723783094068,-0.2343837703472055,-0.009679568109466907,,False,24.01,0.010789988210579526,2026-05-31
KR,The Kroger Co.,38319246076,147642000000,1016000000,39.58598726114649,11.860619118592833,0.006881510681242465,0.02188051774019617,-0.13968138313942668,True,62.15,0.07246523397766813,2026-05-31
LHX,"L3Harris Technologies, Inc.",58716458100,22477000000,1732000000,34.036717062634985,27.11319099151799,0.0734507203292934,0.03744303240823266,0.10381381842989024,True,315.18,0.17550883471259238,2026-05-31
LH,Labcorp Holdings Inc.,21324920000,14144200000,941500000,22.872471416007038,14.436340987639792,0.06282388526129433,-0.00038374040677147114,-0.0799775405087384,True,260.06,0.08229036330107364,2026-05-31
LRCX,Lam Research Corporation,397906362600,21681845000,6708202000,59.80827067669173,39.94571460495574,0.29064525243589967,0.12912937900992283,0.21731308784262615,True,318.18,0.21030694348368129,2026-05-31
LVS,Las Vegas Sands Corp.,33509569525,13740000000,1842000000,18.660516605166052,15.235461236491595,0.1249903971729277,0.34658172096858997,,False,50.57,0.08448344947472752,2026-05-31
LDOS,"Leidos Holdings, Inc.",16075382555,17329000000,1421000000,11.58658204895739,10.358469507761962,0.08477931757307558,0.06909046727836965,0.20479766598839677,True,127.8,0.0695443975512513,2026-05-31
LEN,Lennar Corporation,22729759176,33174865000,1788036000,12.880918220946914,14.655016217151495,0.060788691960501635,0.08737305172284682,0.0025252846919534555,True,89.78,0.21736206443440764,2026-05-31
LII,Lennox International Inc.,17475168000,5257800000,783100000,22.528488111260657,20.673962277511798,0.1513290859045676,0.07409513973577586,0.19125112653083898,True,502.16,0.09613581841364316,2026-05-31
LLY,Eli Lilly and Company,1041038171040,72249500000,25275000000,39.2,30.230014906626433,0.31664032894030286,0.21575855656690868,0.28873822749551614,True,1105.44,0.2184448376884145,2026-05-31
LIN,Linde plc,230231394000,34655000000,7125000000,32.87252311756935,27.807499180061782,0.20296592714647207,0.04522316072101629,0.25298912263860807,True,497.69,0.09503908046233889,2026-05-31
LYV,"Live Nation Entertainment, Inc.",39191162480,25612318000,83665000,,67.25262964530737,0.019680330533939257,0.6839429426424875,,False,168.41,0.4250720806344692,2026-05-31
LMT,Lockheed Martin Corporation,122302465864,75115000000,4793000000,25.588519054510375,17.721338837210237,0.06684253300824707,0.027934274405031934,-0.024444939599713833,True,530.45,0.07019480944674794,2026-05-31
L,Loews Corporation,21307366799,18293000000,1869000000,13.157560355781447,,0.0917143485915493,0.05868076840642811,,True,103.55,,2026-05-31
LOW,"Lowe's Companies, Inc.",120043903420,88434000000,6641000000,18.10304054054054,17.17441801767441,0.0771156386899381,-0.007502609287254769,0.08844362494916425,True,214.34,0.0757143921687089,2026-05-31
LULU,Lululemon Athletica Inc.,15682686931,11102600000,1579183000,9.885455915599097,10.67419616012108,0.14223542233350747,0.2032540125801856,0.2403564164040124,True,131.18,0.07532558413924129,2026-05-31
LITE,Lumentum Holdings Inc.,66515888000,2488400000,439900000,137.6813694703448,46.180654207929614,0.01574468085106383,-0.004035779952454299,-0.2665236533973503,False,854.96,0.5702362291488641,2026-05-31
LYB,LyondellBasell Industries N.V.,21513605120,29673000000,-793000000,,6.986080248207623,-0.024640997579013696,0.016726442018321297,,False,66.65,-0.20290763490000419,2026-05-31
MTB,M&T Bank Corporation,31648241917,12363000000,2931000000,12.113789237668163,11.582314233314149,0.23161914046632545,0.1440279590991953,0.11460745939041583,True,216.11,0.11582421422377442,2026-05-31
MPC,Marathon Petroleum Corporation,72625167490,135750000000,4632000000,16.227658186562298,8.555865395330025,0.030497592295345103,0.13717834715373045,,True,248.77,-0.2013952419799725,2026-05-31
MAR,"Marriott International, Inc.",99041588400,26577000000,2584000000,39.412381951731376,32.4212343547691,0.09932788512945849,0.1989211404768092,,True,375.6,0.12212429866206298,2026-05-31
MRSH,"Marsh & McLennan Companies, Inc.",77072746150,27517000000,3925000000,19.89676616915423,15.378241091444634,0.15418257292168563,0.09391809190023404,0.16332900406068274,True,159.97,0.08825112762873033,2026-05-31
MLM,"Martin Marietta Materials, Inc.",34925097276,6553000000,2534000000,13.832269111404415,30.469632781310032,0.1737469437652812,0.06708316032748929,0.10273384497093452,True,581.64,0.19503781463520942,2026-05-31
MAS,Masco Corporation,14171844199,7679000000,837000000,17.388613861386137,16.434132464956114,0.10711451996826236,0.010196177670730222,0.050697791546695736,True,70.25,0.09901418598993139,2026-05-31
MA,Mastercard Incorporated,436472774428,33939000000,15570000000,28.553757225433532,25.105597707674647,0.45646671342746487,0.16468094243124232,0.20927090759390898,True,493.98,0.1585528425617082,2026-05-31
MKC,"McCormick & Company, Incorporated",12735101910,7108700000,1643300000,7.752864157119475,15.289621648838994,0.11540429513325438,0.040775986020144206,0.009805797673485328,True,47.37,0.07466964475918125,2026-05-31
MCD,McDonald's Corporation,198373275200,27447000000,8678000000,22.94165981922761,21.47627878855942,0.31850474242142457,0.06956327691923625,0.13574675371233935,True,279.2,0.0923995357062366,2026-05-31
MCK,McKesson Corporation,89244295624,403430000000,4762000000,19.214285714285715,16.778551549344794,0.011803782564509332,0.11110493647209152,,True,742.44,0.13835841656431103,2026-05-31
MDT,Medtronic plc,94763549193,35484000000,4614000000,20.559888579387188,12.201673948657419,0.13901064495929868,0.030116185357612624,0.0033389724882293415,True,73.81,0.07187101701555743,2026-05-31
MRK,"Merck & Co., Inc.",293217554549,65593000000,8935000000,33.348314606741575,23.103119466012803,0.28115084865847273,0.09354445955276791,0.2121147367648819,True,118.72,0.87605814700216,2026-05-31
META,"Meta Platforms, Inc.",1605578129073,214963000000,70587000000,22.621959942775394,19.263456263204393,0.3008369574952977,0.18511415178759827,0.18598625717324824,True,632.51,0.06264803313322997,2026-05-31
MET,"MetLife, Inc.",53205805530,76945000000,3619000000,15.93256262042389,8.351200870165034,0.04383529655959732,0.025735827602941796,-0.03446273134955202,True,82.69,0.10960282056279969,2026-05-31
MTD,Mettler-Toledo International Inc.,23856689589,4089782000,875060000,27.622367805334584,25.31404550215653,0.2158735386135353,0.05469611164747934,0.1081099386565747,True,1180.58,0.09709985665995169,2026-05-31
MGM,MGM Resorts International,11173013170,17715319000,182832000,59.82191780821918,25.119933734454634,0.011760390468911999,0.28959117380869004,,True,43.67,0.20359973769888295,2026-05-31
MCHP,Microchip Technology Incorporated,51307777350,4713100000,202200000,356.3629518072289,30.066900043837638,0.04290169951836371,-0.028221913703690094,-0.1662078686517764,False,94.65,0.2969682145375767,2026-05-31
MU,"Micron Technology, Inc.",1095025830000,58119000000,24115000000,45.246971109040075,16.494939230333564,0.22844989030980792,0.11763119291842661,0.2588361725478989,False,971,0.7255649813969023,2026-05-31
MSFT,Microsoft Corporation,3344576323200,318273000000,125216000000,26.720474777448068,23.172628464906005,0.3614601524896707,0.145218753307105,0.18675075449892997,True,450.24,0.17522962127286812,2026-05-31
MAA,"Mid-America Apartment Communities, Inc.",15021786394,2213556000,389595000,39.11212121212121,38.24420944090029,0.20230127208678908,0.056541436528537714,0.11491897236413595,True,129.07,0.01122406952522903,2026-05-31
MRNA,"Moderna, Inc.",18724331340,2225000000,-3194000000,,17.767185488061084,-1.4516460905349795,0.1933104043557714,,False,47.19,,2026-05-31
TAP,Molson Coors Beverage Company,7413905024,11187800000,-2109300000,,8.344961673974403,-0.19205084015510557,0.02906265230642968,,False,39.53,0.05116118041203377,2026-05-31
MDLZ,"Mondelez International, Inc.",78520856186,39304000000,2609000000,30.282178217821784,20.02363423887603,0.06360121441731323,0.07711312390360647,-0.052886505122030525,True,61.17,0.10676652841837186,2026-05-31
MPWR,"Monolithic Power Systems, Inc.",76947897300,2957090000,675362000,112.19269340974212,65.33211251801502,0.22072605259564823,0.27004800152081065,0.284234675803948,True,1566.21,0.2515537238690946,2026-05-31
MNST,Monster Beverage Corporation,86142944640,8793076000,2031924000,42.34615384615385,38.426804528499446,0.22972669444704663,0.12520215032714033,0.07953466880247273,True,88.08,0.1255371594354644,2026-05-31
MCO,Moody's Corporation,79184522000,7873000000,2495000000,32.37571428571429,27.130562615298604,0.3186058564394921,0.07520165543475321,0.07689271732672354,True,453.26,0.1162395505494227,2026-05-31
MS,Morgan Stanley,328075241936,120221000000,18184000000,18.688230008984725,17.497003217597946,0.146639068384022,0.18275734830070522,0.0956096473261856,True,208,0.07790288322012162,2026-05-31
MOS,The Mosaic Company,7598124025,12059200000,726700000,10.259656652360515,29.353258266923714,0.044862434038033916,0.06780943144483076,-0.006913105382260087,True,23.905,1.2205822763049645,2026-05-31
MSI,"Motorola Solutions, Inc.",66942866880,11868000000,2090000000,32.108280254777064,23.78107821549921,0.18438623523369285,0.09519871115386103,0.1830221202742448,True,403.28,0.09194056853335475,2026-05-31
MSCI,MSCI Inc.,45964464000,3239433000,1319705000,36.286206896551725,32.11256946330537,0.38357655978272487,0.13078124117012369,0.1672602938749228,True,631.38,0.14501873207788218,2026-05-31
NDAQ,"Nasdaq, Inc.",52323853320,8265000000,1913000000,27.53571428571428,23.50466434973477,0.21769286931126794,0.078769656146092,0.10615632423407861,True,92.52,0.12662083612787844,2026-05-31
NTAP,"NetApp, Inc.",34519937007,6925000000,1276000000,27.105754276827373,19.75073885373416,0.18425992779783393,0.03810448963486701,0.14341270878636259,True,174.29,0.10872935289104868,2026-05-31
NFLX,"Netflix, Inc.",362213016000,46889992000,13373641000,27.22151898734177,24.172631141160632,0.24303813935832022,0.12569512175392594,0.32573228103337515,True,86.02,0.07790769887904414,2026-05-31
NEM,Newmont Corporation,117227969015,24409000000,8456000000,14.18733850129199,10.528324173822336,0.3206317599674164,0.14118554752907353,0.1273611725607322,False,109.81,0.11085469167666995,2026-05-31
NWSA,News Corporation,14650762251,9028000000,1065000000,13.882978723404255,20.546974635114072,0.1396119261713204,-0.012661158818427554,,True,26.1,0.16717050052745108,2026-05-31
NWS,News Corporation,16323394017,8798000000,425000000,39.882305737595296,23.475508950923434,0.05489824893516328,-0.012661158818427554,,True,29.82,0.16717050052745108,2026-05-31
NEE,"NextEra Energy, Inc.",181445433400,28187000000,8183000000,22.027848101265825,21.487505340389646,0.24872616101324793,0.08830513470144452,0.1730819301253137,True,87.01,0.0891752462753097,2026-05-31
NKE,"NIKE, Inc.",68345299596,46523000000,2250000000,30.414473684210524,25.36221945479183,0.06951132609212032,0.04364258812735411,0.058898726241980226,True,46.23,0.2860834215680357,2026-05-31
NI,NiSource Inc.,22159670580,6822100000,961800000,22.88118811881188,22.455969877322968,0.139938574568667,0.0724614084933255,,True,46.22,0.08796307542815485,2026-05-31
NDSN,Nordson Corporation,16009452940,2903637000,528116000,30.53453772582359,24.762932390377507,0.1735416613681978,0.056479601334163076,0.1465632131759269,True,287.33,0.08579507602624448,2026-05-31
NSC,Norfolk Southern Corporation,68492186240,12185000000,2670000000,25.691659646166805,25.127694268733503,0.2358784893267652,0.044676419652051935,0.10102401946483264,True,304.96,0.11273185398317942,2026-05-31
NTRS,Northern Trust Corporation,30616068836,14572800000,1870400000,17.234375,15.264407774191941,0.12146238784886608,0.17810317299372747,0.09911127578487622,True,165.45,0.08282728753918756,2026-05-31
NOC,Northrop Grumman Corporation,80061161440,42367000000,4576000000,17.609497032177444,20.179361762529492,0.09968060256471373,0.026567406658034587,0.08838421725044521,True,563.68,0.07892819694209363,2026-05-31
NCLH,Norwegian Cruise Line Holdings Ltd.,8420077400,10031260000,568207000,14.587973273942096,11.205748292253736,0.04306711145517641,0.5033277455063068,,False,18.34,0.23474637371231655,2026-05-31
NRG,"NRG Energy, Inc.",28289065898,32428000000,239000000,155.90697674418607,14.537159312434,0.028134158254640183,0.275600042589766,0.1448062575032807,False,134.08,0.23885697681730744,2026-05-31
NUE,Nucor Corporation,56935250000,34160000000,2331000000,24.727992087042534,17.26310701400038,0.05367144703637595,0.10039907578586948,0.2601125184493227,True,250,0.10490237712983586,2026-05-31
NVDA,NVIDIA Corporation,5114021940000,253491000000,159613000000,32.18597560975609,23.79589223889209,0.5560253406070261,0.6689858183148778,0.9387190727651753,True,211.14,0.3939575970138487,2026-05-31
NVR,"NVR, Inc.",16482362825,9702281000,1238599000,14.092268636048928,16.922283254763617,0.1297773460743112,0.06470081406876682,0.13608619072854355,True,6106.18,0.16395335673358002,2026-05-31
NXPI,NXP Semiconductors N.V.,81131581237,12614999999,2652999999,30.604761904761908,21.892101607691632,0.16472410139375662,0.07334918054419859,1.112843244598086,True,321.35,0.19895958868600383,2026-05-31
ORLY,"O'Reilly Automotive, Inc.",71998766064,18205607000,2603905000,28.207792207792206,26.630946213948754,0.14274041963352588,0.08910774866946913,0.13492985500389,True,86.88,0.1095675843022097,2026-05-31
OXY,Occidental Petroleum Corporation,56326163118,23184000000,4708000000,13.74114335630399,10.761679072781485,0.10971148057240772,0.04729871158320753,,True,56.63,-0.27781969104118254,2026-05-31
ODFL,"Old Dominion Freight Line, Inc.",46824058917,5456227000,1007301000,47.004175365344466,41.96292948401346,0.18625009983827565,0.06481850942440892,0.11141215229168622,True,225.15,0.16065194904434854,2026-05-31
OMC,Omnicom Group Inc.,20722800511,19824400000,63000000,66.09999999999997,6.949462279263056,-0.003155414285631575,0.0557075161852465,,False,72.71,0.14129362648957988,2026-05-31
ON,ON Semiconductor Corporation,47271339860,6063000000,573700000,85.54609929078015,39.05569532542635,0.020182139640390968,0.026713065370281175,-0.1264160859537441,True,120.62,0.376572411046461,2026-05-31
OKE,"ONEOK, Inc.",52884957597,35204000000,3533000000,14.93594306049822,14.71882726332217,0.10095453328972018,0.31795783748347994,0.30768245540800243,True,83.94,0.08660856757088498,2026-05-31
ORCL,Oracle Corporation,649439947260,64077000000,16210000000,39.68541300527241,28.245845555354027,0.21678078015296434,0.07998227913928768,0.07134551343346907,True,225.81,0.3464140747643678,2026-05-31
OTIS,Otis Worldwide Corporation,27182446824,14647000000,1481000000,18.642105263157898,16.925988225399497,0.09590464971242464,0.024982341114742734,0.11051820861950112,True,70.84,0.1245149667405765,2026-05-31
PCAR,PACCAR Inc,58086185710,27237400000,2476000000,23.43312101910828,19.447430091801316,0.08352317471031612,0.087176303639803,0.12574411481328873,True,110.37,0.18129790495656617,2026-05-31
PKG,Packaging Corporation of America,19504596417,9216100000,740400000,26.534545454545455,21.150172894040445,0.08553502497413591,0.06187600584788355,0.12117492553592801,True,218.91,0.19302491625822316,2026-05-31
PLTR,Palantir Technologies Inc.,359426797800,5224174000,2281529000,163.06249999999997,107.4104569781803,0.3630996776634105,0.3257731580149814,,False,156.54,0.42566899958830806,2026-05-31
PANW,"Palo Alto Networks, Inc.",191974924858,9893300000,1281900000,150.63636363636363,76.37787376189972,0.12296264165265955,0.2202538955917348,,False,281.69,0.08427622820360559,2026-05-31
PSKY,Paramount Skydance Corporation Class B Common Stock,11540210222,29368000000,-605000000,,9.46417262079977,-0.21189196590558998,,,,10.61,0.07484813615563701,2026-05-31
PH,Parker-Hannifin Corporation,106496346741,20987074000,3480172000,30.72499090578392,24.824178114058434,0.17788413098236777,0.07705131902453943,0.23992828587037707,True,844.63,0.09922764455837552,2026-05-31
PAYX,"Paychex, Inc.",34747061180,6333800000,1636700000,21.314285714285713,16.38817915128902,0.2974496114291868,0.06637639394741401,0.0849438966579461,True,96.98,0.06754674129050575,2026-05-31
PYPL,"PayPal Holdings, Inc.",39474220812,33734000000,5059000000,8.333333333333334,8.427527034000127,0.15775352707102375,0.09107015446297595,0.08808274493169077,True,44.75,0.0853901521286331,2026-05-31
PNR,Pentair plc,11446520765,4202300000,671300000,17.233576642335766,13.229954275126266,0.15656130268199234,0.06712183699096541,0.13163634452842898,True,70.83,0.08681001763246776,2026-05-31
PEP,"PepsiCo, Inc.",197099208659,95449000000,8744000000,22.600313479623825,16.661178033913973,0.08772957146659568,0.0594397460523417,0.03245430297567076,True,144.19,0.055414391772828475,2026-05-31
PFE,Pfizer Inc.,149154344800,63315000000,7491000000,19.977099236641223,8.837454326874372,0.12416305789482095,0.08482737844510346,-0.03778042908831303,True,26.17,-0.04363345332729973,2026-05-31
PCG,PG&E Corporation,35984274800,25833000000,2954000000,12.666666666666668,9.922273500121447,0.10840184479647083,0.06187451597285287,,False,16.34,0.0941583677435025,2026-05-31
PM,Philip Morris International Inc.,276457168103,41493000000,11096000000,24.947960618846693,21.114831687246227,0.279177327297776,0.07213535484188793,0.07096910310753413,True,177.38,0.09135277529452801,2026-05-31
PSX,Phillips 66,70516451318,135770000000,4123000000,17.260058881256136,10.096887175839575,0.03330836907760858,0.15723276766155725,,True,175.88,-0.022338530463171913,2026-05-31
PNW,Pinnacle West Capital Corporation,12087191380,5457256000,654095000,18.267399267399266,21.04072923193111,0.11545656233151727,0.08283284300867177,0.010414742029082547,True,99.74,0.17216100988749727,2026-05-31
PNC,"The PNC Financial Services Group, Inc.",88794052800,32055000000,7215000000,12.833430063842135,11.98344688848761,0.22130049135345542,0.11407819337510738,0.21181069404440844,True,221.12,0.14395961006106606,2026-05-31
POOL,Pool Corporation,6610760744,5355884000,406087000,16.581352833638025,16.377591049565236,0.0768337254385945,0.060856035105351536,0.03565793453482935,True,181.4,0.086206258334379,2026-05-31
PPG,"PPG Industries, Inc.",25183242000,16121000000,1585000000,16.048295454545457,14.350693972530705,0.0992755905511811,0.027905506355126564,0.09259785431564715,True,112.98,0.09764009963430986,2026-05-31
PPL,PPL Corporation,26625666500,9313000000,1219000000,21.57926829268293,18.136626864141853,0.13061269630612696,0.10558450138717079,-0.03479997812017066,False,35.39,0.08560959360426379,2026-05-31
PFG,"Principal Financial Group, Inc.",22383203230,15458700000,1549900000,14.781740370898717,11.103848090956827,0.07584397299286423,0.011712861099925975,0.009275158495604563,True,103.62,0.09584329021956961,2026-05-31
PG,The Procter & Gamble Company,334317119055,86718000000,16665000000,20.539343347639484,20.30854070478001,0.1895258886621423,0.03504336978124267,0.05390555532306496,True,143.57001,0.06329497103023707,2026-05-31
PGR,The Progressive Corporation,111257764800,89425000000,11559000000,9.655172413793105,11.602907552127768,0.12903225806451613,0.15498922241321034,0.14715631322988787,True,190.4,-0.01118303342904936,2026-05-31
PLD,"Prologis, Inc.",133809149760,8948185000,3717254000,36.15113350125945,42.67440546632017,0.3880106624170504,0.14642906074406925,0.12626450694567382,True,143.52,0.09001706738345705,2026-05-31
PRU,"Prudential Financial, Inc.",34954798768,62956000000,3466000000,10.238046795523907,7.35019701069591,0.05884095172277619,0.012798128089145822,,False,100.64,0.07056013847350484,2026-05-31
PEG,Public Service Enterprise Group Incorporated,39192978267,12794000000,2263000000,17.323788546255507,17.961172808634153,0.17348783694937542,0.048485561940271094,0.022750530662123625,False,78.65,0.07364423404104681,2026-05-31
PTC,PTC Inc.,16024147380,2997860000,1246362000,13.187262357414449,17.36701831342254,0.26795780997989943,0.13435593739979002,0.40195668468406875,True,138.73,0.07775286581465246,2026-05-31
PSA,Public Storage,53311488210,4858670000,1902830000,31.276004119464467,30.61465196738631,0.36988105378128583,0.10599650970123964,0.07523540686692942,True,303.69,-0.0018649644749468841,2026-05-31
PHM,"PulteGroup, Inc.",22511677198,16827874000,2042927000,11.341650671785027,11.812932252063867,0.12816173888642143,0.09422398249785235,0.1665078103291211,True,118.18,0.11538749876303078,2026-05-31
PWR,"Quanta Services, Inc.",106802203800,29992935000,1115601000,96.57123473541384,50.841815541352865,0.03627422368961171,0.20406748566518718,0.16877048726678034,True,711.73,0.16922103220893603,2026-05-31
QCOM,QUALCOMM Incorporated,264575080000,44487000000,9923000000,26.904608788853164,23.384589013658868,0.1251241983560654,0.13480513327048627,0.020133495868340123,True,251.02,-0.01776435056575021,2026-05-31
DGX,Quest Diagnostics Incorporated,21574650400,11278000000,1024000000,21.254089422028354,18.13480421576044,0.08989578613502493,0.03178135709578789,-0.036458391620525554,True,194.9,0.08592026455041224,2026-05-31
Q,"Qnity Electronics, Inc.",32640169155,4951000000,650000000,50.13504823151125,38.11060189428659,0.14556163230963398,,,,155.92,0.15948670944088006,2026-05-31
RL,Ralph Lauren Corporation,22197831587,8114500000,941100000,23.599221789883266,19.883616097041223,0.11597757101484996,0.13017585944048937,,True,363.9,0.11340819058547114,2026-05-31
RJF,"Raymond James Financial, Inc.",27948178487,16354000000,2147000000,13.291010194624652,12.068866851137457,0.134175465057818,0.1455196480227139,0.21603657373442386,True,143.41,0.1370082742555525,2026-05-31
RTX,RTX Corporation,241944528800,90373000000,7256000000,33.20887245841035,25.91572700639166,0.07597936864440256,0.09350450247463438,,True,179.66,0.09635238233991639,2026-05-31
O,Realty Income Corporation,57143142238,5917622000,1120551000,50.22950819672131,38.47119682587514,0.1841235607193794,0.2840478175855885,0.0034543137247691202,True,61.28,0.10083622118426994,2026-05-31
REG,Regency Centers Corporation,14162536706,1701783000,648655000,22.48546511627907,31.270213454075034,0.3393817571849832,0.08201596735824035,0.5953210211491025,True,77.35,0.03019890038809825,2026-05-31
REGN,"Regeneron Pharmaceuticals, Inc.",63335865160,14919600000,4423400000,14.455208088408181,13.232665945891961,0.31408571488332204,0.11038413551359794,0.05695947727889972,True,614.78,0.16563884882392688,2026-05-31
RF,Regions Financial Corporation,23894640000,9620000000,2225000000,11.522633744855968,10.703036604385186,0.2243963363863447,0.07659844547060146,0.175316819018001,True,28,0.09020748600960204,2026-05-31
RSG,"Republic Services, Inc.",61668189598,16695000000,2169000000,28.7163323782235,27.517054011347835,0.12892532095714543,0.1031904727551265,0.1775417048858443,True,200.44,0.10712623606403437,2026-05-31
RMD,ResMed Inc.,27643395099,5537789000,1519566000,18.359344894026975,15.572357900293436,0.27217916778315876,0.11719460252680114,0.1724793978752519,True,190.57,0.09711539168684347,2026-05-31
RVTY,"Revvity, Inc.",11663598000,2902407000,240956000,49.78571428571429,19.946085473411898,0.08461858699301938,-0.054651850361468246,-0.20446986078627216,False,104.55,0.11040268008234078,2026-05-31
HOOD,"Robinhood Markets, Inc.",84917633005,4613000000,1897000000,44.27230046948357,51.07180381495001,0.4209702660406886,0.3609641264495862,2.6221913471558627,False,94.3,0.37539671364045013,2026-05-31
ROK,"Rockwell Automation, Inc.",50191250440,8804000000,1088000000,46.6935817805383,34.89423656383133,0.10417166147206905,0.05673583361572576,-0.02726816992695491,True,451.06,0.11868109595102783,2026-05-31
ROL,"Rollins, Inc.",22917686400,3844970000,529295000,43.6697247706422,38.65110878338327,0.1400420095452068,0.11717710237805679,0.15081773907164453,True,47.6,0.12226255146037857,2026-05-31
ROP,"Roper Technologies, Inc.",32851627875,8115000000,1714100000,20.206703910614525,14.857673863264488,0.1944068332806074,0.1023750307319169,0.09525815830104811,True,325.53,0.08865996132340226,2026-05-31
ROST,"Ross Stores, Inc.",74951892934,23776064000,2315759000,32.09556786703601,29.61152208053751,0.09428533162635697,0.12667161297888763,0.9438045639530086,True,231.73,0.10337389642037031,2026-05-31
RCL,Royal Caribbean Cruises Ltd.,76336342850,18388000000,4484000000,17.239854633555424,16.415613836569396,0.23824923334262615,0.52022825771937,,False,284.63,0.15360361451481008,2026-05-31
SPGI,S&P Global Inc.,125504000000,15730000000,4777000000,26.818469323213158,21.60700026040512,0.29153625456442356,0.15559189413444585,0.08603088677724124,True,424,0.13289324358274635,2026-05-31
CRM,"Salesforce, Inc.",156510900000,42829000000,8023000000,22.04152249134948,13.674134848006732,0.179578567128236,0.14335729427517552,0.1187120822520471,True,191.1,0.1050525606266488,2026-05-31
SNDK,Sandisk Corporation,251009164455,13184000000,4507000000,55.59134142341751,9.60435647417477,-0.22311352821210062,,,,1694.98,0.09114596510557282,2026-05-31
SBAC,SBA Communications Corporation,21547762534,2854329000,1017730000,21.295597484276726,27.384150459165724,0.37427352610297393,0.062077871651406324,1.138090911306807,True,203.16,0.13173264464090995,2026-05-31
SLB,SLB N.V.,81555523000,35940000000,3305000000,23.717391304347828,21.029784806125043,0.09381388445489933,0.08634921953234453,,True,54.55,0.28672598440981667,2026-05-31
STX,Seagate Technology Holdings plc,197276674200,11010000000,2378000000,79.90917347865575,32.95073082983183,0.16148180718918326,-0.028445068519773242,0.1259183367536414,False,879.8,0.4670213670396066,2026-05-31
SRE,Sempra,58250315900,13605000000,2070000000,28.46964856230032,17.43951652360431,0.13397024504084015,0.03847975235578449,-0.15716071085027195,True,89.11,0.07989964107200875,2026-05-31
NOW,"ServiceNow, Inc.",128263775960,13960000000,1757000000,73.59171597633137,29.94068196481362,0.13164633227895767,0.2405342584964043,0.6972315320302733,True,124.37,0.21786378036919696,2026-05-31
SHW,The Sherwin-Williams Company,74937882240,23935500000,2599300000,28.82732447817837,25.85777711964583,0.1089533941622869,0.05124800274973418,0.06743910077792248,True,303.84,0.12713662393631542,2026-05-31
SPG,"Simon Property Group, Inc.",66448624620,6648586000,4680840000,14.279442508710801,30.323344432112467,0.7251105938325133,0.06674299848016374,0.31543984368602973,True,204.91,0.036256011838697866,2026-05-31
SWKS,"Skyworks Solutions, Inc.",11709104220,4044300000,361200000,32.1694214876033,15.584243999015099,0.11673884851599012,0.04021275962874182,-0.08583913869641546,True,77.85,0.03556450595844618,2026-05-31
SJM,The J. M. Smucker Company,11006106521,8926600000,-1255800000,,10.413261167011758,-0.1410481200077927,0.022666386425288954,,False,103.2,0.08741387869761597,2026-05-31
SW,Smurfit Westrock Plc,21581695658,30223262720,371472650,55.87995654535578,17.498426629926346,0.02241893582218801,0.2959332421986334,-0.13009765079842472,True,41.15,0.3357359119593133,2026-05-31
SNA,Snap-on Incorporated,19229389238,5120100000,1023399999,18.86229674796748,18.636069260852757,0.19722270708481215,0.07494170065428052,0.11065599672866933,True,371.21,0.06101240530350571,2026-05-31
SOLV,Solventum Corporation,12979444664,8262000000,1432000000,9.129110840438491,11.45024756672691,0.1869069069069069,0.02716128570253251,0.06257285410019597,True,74.95,0.077870849762669,2026-05-31
SO,The Southern Company,103767965000,30174000000,4363000000,23.362944162436552,20.113667898323826,0.14688864074713226,0.07721102899843224,0.05958265679546115,True,92.05,0.07608888034279548,2026-05-31
LUV,Southwest Airlines Co.,20992843300,28884000000,817000000,27.18354430379747,16.089396357315714,0.015714642055375407,0.2540541822088387,,True,42.95,0.7017411761180163,2026-05-31
SWK,"Stanley Black & Decker, Inc.",12346280893,15232200000,371100000,32.54918032786885,14.83465578816814,0.026562417384867552,0.02990399934949317,-0.195428461273905,False,79.42,0.16260590845922818,2026-05-31
SBUX,Starbucks Corporation,113012652000,38464900000,1495600000,75.12121212121212,41.479126579101475,0.049924161745248004,0.09595337505976698,0.1558782789356954,True,99.16,0.27951560277754517,2026-05-31
STT,State Street Corporation,43076021016,22748000000,3065000000,15.548451548451546,12.522528321318227,0.13014848859819692,0.1339527969436216,0.08333975226687151,True,155.64,0.11068647013388255,2026-05-31
STLD,"Steel Dynamics, Inc.",37517011950,19012244000,1371880000,27.7641408751334,17.046016709879613,0.06522651317098634,0.13614767692083096,0.25171879160889765,True,260.15,0.134781147230014,2026-05-31
STE,STERIS plc,20878813012,5935900000,782400000,26.758490566037732,19.081370974035234,0.13226300982159403,0.1381894523048055,0.11218607726782204,True,212.73,0.0938622621555949,2026-05-31
SYK,Stryker Corporation,116959534879,25270000000,3337000000,34.947308132875136,20.368079482843452,0.12924032489249881,0.11844250103109899,0.147888270724839,True,305.09,0.11759463189047459,2026-05-31
SMCI,"Super Micro Computer, Inc.",27719355620,33700206000,1247390000,22.05263157894737,14.318689477984512,0.047735845398438614,0.4576172216547114,0.5977354416164071,True,46.09,0.13315542410846049,2026-05-31
SYF,Synchrony Financial,24030290088,19915000000,3600000000,7.319672131147541,7.690750860149767,0.18581293157564344,0.0830646605616352,0.326097183851191,True,71.44,0.13130794438200555,2026-05-31
SNPS,"Synopsys, Inc.",91071396557,8679380000,773026000,109.08715596330275,32.21166153983689,0.18885545558958108,0.13866287520721876,0.13064840345575357,True,475.62,0.16996422732512229,2026-05-31
SYY,Sysco Corporation,36251053230,83567000000,1736000000,21.0,15.308996989089234,0.02246528204497972,0.08996540561991173,0.5485472538103122,True,75.81,0.07281517127457837,2026-05-31
TMUS,"T-Mobile US, Inc.",202945850579,90530000000,10543000000,19.886532343584307,17.961215727102157,0.12447202436897711,0.05243088054913425,0.29471435832195136,True,187.53,0.2997845956691183,2026-05-31
TROW,"T. Rowe Price Group, Inc.",22397329510,7407900000,2094800000,11.191648822269807,11.078526862221619,0.2853256411658555,0.033399722000542864,-0.01682666605437322,True,104.53,0.004833938679670302,2026-05-31
TTWO,"Take-Two Interactive Software, Inc.",41619038057,6656400000,-298200000,,33.19801961135688,-0.04479899044528574,0.14564420997425698,,False,224.16,0.48034939671603816,2026-05-31
TPR,"Tapestry, Inc.",29389465700,7850800000,662800000,44.34756097560975,18.680234857785702,0.026131484730483403,0.07159684971325997,,True,145.46,0.11092047608529265,2026-05-31
TRGP,Targa Resources Corp.,54749245080,16378100000,2125200000,25.86916835699797,23.70893786152017,0.1076317970145073,0.15679272653806908,,True,255.07,0.12830544347248973,2026-05-31
TGT,Target Corporation,57712144320,105465000000,3612000000,16.697766097240468,15.154858153533132,0.03535980148883375,0.02290831244420044,-0.013413466990786604,True,127.07,0.06889157365079779,2026-05-31
TEL,TE Connectivity Ltd.,62293525360,18523000000,2906000000,21.6002024291498,19.016007805643053,0.10778863596465563,0.07021477210566407,,True,213.41,0.12362142631196749,2026-05-31
TDY,Teledyne Technologies Incorporated,28716166053,6225600000,933000000,31.17857142857143,25.672057206404038,0.14631912875690878,0.1465689073362828,0.11510965000764095,True,619.83,0.07814770865820497,2026-05-31
TER,"Teradyne, Inc.",58595296658,3786838000,854058000,68.93370165745857,51.2359679752957,0.17368082497184975,0.004354396137920213,-0.0585945988540707,True,374.31,0.35144772305118965,2026-05-31
TSLA,"Tesla, Inc.",1636705218800,97879000000,3876000000,362.0721169823862,228.9185739274777,0.04000970187815706,0.24630713363610557,0.3639184359183454,True,435.79,0.27960434734646933,2026-05-31
TXN,Texas Instruments Incorporated,278197228240,18438000000,5367000000,51.898132427843805,40.22989262114175,0.2828299966067187,0.041038070937830184,-0.020671878426914203,True,305.68,0.16759340539302725,2026-05-31
TPL,Texas Pacific Land Corporation,27106939200,839025000,503626000,53.811169213329315,43.19369569876519,0.6030844786329069,0.21411738180470663,0.22567979847768904,True,393,0.1120299388364081,2026-05-31
TXT,Textron Inc.,15956054640,15188000000,934000000,17.51145038167939,14.08589077601346,0.06223393472531928,0.04899600344582322,0.3050207778252172,True,91.76,0.12420022350759563,2026-05-31
TMO,Thermo Fisher Scientific Inc.,183027058710,45197000000,6859000000,27.031284302963773,19.806141025708047,0.15120298051889758,0.06699288544037874,0.019934565772761648,True,492.51,0.09526660937412657,2026-05-31
TJX,"The TJX Companies, Inc.",171278847500,61584000000,5790000000,29.99031007751938,29.55940724554078,0.09100245146756775,0.13439955145745608,1.3059480508780013,True,154.75,0.101046374364401,2026-05-31
TKO,"TKO Group Holdings, Inc.",15381867146,5063226999,226346000,71.74878483757037,43.78284833909836,0.04126647703526244,0.3719444192225052,0.025857770698920257,False,205.18,0.13110314938619094,2026-05-31
TTD,"The Trade Desk, Inc.",10135536479,2969120000,432623000,24.224719101123597,21.625525341785607,0.1530595756493493,0.28210485560993837,0.12087426179583294,True,21.56,0.2034163515451819,2026-05-31
TSCO,Tractor Supply Company,16535908500,15649140000,1081242000,15.455882352941178,14.79830098796142,0.0706057557417699,0.07888014810034849,0.09953965407958165,True,31.53,0.0840776288925913,2026-05-31
TT,Trane Technologies plc,99762336770,21602800000,2898100000,34.63545663852648,30.25999592331542,0.13688273559110586,0.11352129327156257,0.29747180686868924,True,451.3,0.14105261605140917,2026-05-31
TDG,TransDigm Group Incorporated,70382367552,9503000000,2023000000,39.27340823970037,31.462963282457807,0.23485448986524743,0.1159297693411061,0.3113622173629518,True,1258.32,0.17474656627082918,2026-05-31
TRV,"The Travelers Companies, Inc.",62068859440,48942000000,7604000000,8.552300029299735,10.404372909207241,0.12877856967313836,0.08831691530579389,0.21395073542319598,True,291.89,0.01978609530361375,2026-05-31
TRMB,Trimble Inc.,13149820787,3686600000,456200000,29.380208333333332,15.722683196713314,0.11819474256404539,0.026490354149407702,0.025580450076664984,True,56.41,0.13620843913139224,2026-05-31
TFC,Truist Financial Corporation,60063826590,30466000000,5527000000,11.816176470588236,10.611720216856808,0.17435442538931598,0.04498292961212358,0.0441559873366455,False,48.21,0.12935689145493479,2026-05-31
TYL,"Tyler Technologies, Inc.",13204752625,2380678000,315731000,42.66348773841962,24.744788501792545,0.13531603454041863,0.15870784367787483,0.08491677412602372,True,313.15,0.1346522651971247,2026-05-31
TSN,"Tyson Foods, Inc.",21723086866,55710000000,453000000,46.22727272727273,15.024116883788382,0.008706673279329917,0.04741462587264644,-0.24865722501194243,False,61.02,0.11299357129315246,2026-05-31
USB,U.S. Bancorp,85143655000,43344000000,7812000000,11.49895178197065,10.755977558540167,0.17675742516506848,0.11170906900198485,0.08588568965361265,True,54.85,0.11484873977593835,2026-05-31
UBER,"Uber Technologies, Inc.",143306240000,53687000000,8540000000,17.17073170731707,21.2466085402916,0.19326374070015573,0.3610053095492587,,False,70.4,0.33053264402574944,2026-05-31
UDR,"UDR, Inc.",11989400400,1716218000,490815000,24.932432432432428,48.161635146246915,0.22058065183023937,0.06647561471512331,0.4138706836756314,True,36.9,-0.2983149953665636,2026-05-31
ULTA,"Ulta Beauty, Inc.",22255384176,12392820000,1153479000,19.784214618973564,17.76550235156807,0.09307639423472623,0.15035378713848258,0.5248364821788112,True,508.85,0.1094914950079584,2026-05-31
UNP,Union Pacific Corporation,155932782320,24700000000,7213000000,21.580936729663105,20.865077687935845,0.2912280701754386,0.046441301388703726,0.08738461295749111,True,262.64,0.08924301332905382,2026-05-31
UAL,"United Airlines Holdings, Inc.",37260636000,60466000000,3665000000,10.19538188277087,12.402537982772573,0.05676316234975453,0.3092525547522449,,False,114.8,0.5570478934591738,2026-05-31
UPS,"United Parcel Service, Inc.",90712671802,88335000000,5249000000,17.240710823909534,15.041302978240003,0.06286455689061883,0.0097634215843172,0.3344872483029262,True,106.72,0.11649680837419463,2026-05-31
URI,"United Rentals, Inc.",62375340222,16365000000,2507000000,25.4191983660965,21.2204661226374,0.15491645443816385,0.13545512227945156,0.2587440089547737,True,995.67,0.14626514297551996,2026-05-31
UNH,UnitedHealth Group Incorporated,345376398285,449713000000,12044000000,28.678832667219666,20.696759896687624,0.026936749134766416,0.11721651214881779,-0.04064114449809442,True,380.31,0.13608564521799305,2026-05-31
UHS,"Universal Health Services, Inc.",9147411753,17760291000,1520798000,6.052609776304888,6.231367949674806,0.08573628913938629,0.08480286480142118,0.16189358192426306,True,146.11,0.08172854248853811,2026-05-31
VLO,Valero Energy Corporation,72695137060,126168000000,4206000000,17.76632801161103,8.858933729154439,0.019138131994424837,0.13578129304273,,True,244.82,-0.25355106388983983,2026-05-31
VEEV,Veeva Systems Inc.,28448849680,3195311000,908906000,31.352517985611506,19.6764759332273,0.28444993304251137,0.16877526262793308,0.1710582243068577,True,174.32,0.11514666492085701,2026-05-31
VTR,"Ventas, Inc.",41042448016,6132850000,260425000,150.75,131.38277176873396,0.04308910897877607,0.08978910202316648,-0.1415872957413521,False,84.42,0.6171037273363942,2026-05-31
VLTO,Veralto Corporation,20193171457,5593000000,969000000,21.08205128205128,19.363833765891204,0.1708159185898601,0.04824305924000871,0.05210328331110414,True,82.22,0.09893642576883033,2026-05-31
VRSN,"VeriSign, Inc.",25969580000,1683200000,840900000,31.498896247240623,29.45523605061619,0.49843052034287094,0.05541158227241372,0.04516651934961935,True,285.38,0.10177941085399334,2026-05-31
VRSK,"Verisk Analytics, Inc.",22927511782,3102300000,910200000,26.59422492401216,22.876004967644946,0.29560321541315454,0.06248258905176751,0.08248372524569181,True,174.99,0.13178769854238848,2026-05-31
VZ,Verizon Communications Inc.,199633523600,139146000000,17340000000,11.660975609756099,9.652229037038234,0.12427726841834852,0.014976616276052734,-0.011420692869857585,True,47.81,0.058688621231270055,2026-05-31
VRTX,Vertex Pharmaceuticals Incorporated,113588076324,12255100000,4338300000,26.31040564373898,23.18113022642444,0.32739800904377786,0.14239589297858712,0.08168746802302018,False,447.54,0.11983858051964602,2026-05-31
VRT,Vertiv Holdings Co,121266994299,10843400000,1558400000,77.37990196078431,48.91172155440462,0.13028475351665217,0.18540311841994384,,True,315.71,0.35514951144051854,2026-05-31
VTRS,Viatris Inc.,18935583000,14562600000,-296499999,,6.611019178460926,-0.2457989216707809,0.036626001583028645,,False,16.26,0.08937479925026315,2026-05-31
VICI,VICI Properties Inc.,30386736877,4048135000,3104329000,9.664383561643836,9.647368511016529,0.6928139374895784,0.2672923004611798,0.08199578240751326,True,28.22,0.0061090884228161,2026-05-31
V,Visa Inc.,625575451176,43027000000,22236000000,28.403829416884246,24.826217995432756,0.50145,0.12859367600424232,0.1583797667311304,True,326.36,0.13312865421450848,2026-05-31
VST,Vistra Corp.,54026746848,16213000000,2241000000,26.440594059405935,17.946245266472,0.055621022861183124,0.08938119405283929,0.11196158593857874,False,160.23,0.26188884147427327,2026-05-31
VMC,Vulcan Materials Company,36710284600,8054100000,1117600000,33.48165680473373,30.690725742589297,0.13626966518757563,0.10310094603190545,0.1306906577426219,True,282.92,0.17658232104850935,2026-05-31
WRB,W. R. Berkley Corporation,23654480580,14846788000,1877047000,13.40506329113924,13.565010215387767,0.12100223521355571,0.12670613957574828,0.2887880299545085,True,63.54,0.029220065284546903,2026-05-31
GWW,"W.W. Grainger, Inc.",58272319995,18378000000,1782000000,33.07181136120043,27.057659314289673,0.09508416007134099,0.08747643442914854,0.22250433408034853,True,1234.24,0.10340570836287388,2026-05-31
WAB,Westinghouse Air Brake Technologies Corporation,44312935681,11507000000,1210000000,36.887005649717516,24.59742855339882,0.10477299185098952,0.08125695343398509,0.25768975848543807,True,261.16,0.14240249704022756,2026-05-31
WMT,Walmart Inc.,922642152111,725305000000,23056000000,40.614035087719294,39.87405654365132,0.03069845182658102,0.049861329995785963,0.10946240825357023,True,115.75,0.1295088687480408,2026-05-31
DIS,The Walt Disney Company,176846323420,97263000000,11224000000,16.268370607028753,14.949517487588553,0.1313635160180037,0.07626145769160764,,True,101.84,0.09793959713810096,2026-05-31
WBD,"Warner Bros. Discovery, Inc.",67717762321,37210000000,-1736000000,,536.0296890194288,0.01949270699270699,0.28437376883638876,-0.3074273740614074,False,27.01,,2026-05-31
WM,"Waste Management, Inc.",84917260960,25413000000,2794000000,30.513708513708515,25.842515374011324,0.10744326297413109,0.1061712793131473,0.13677156634694865,True,211.46,0.12605344974238153,2026-05-31
WAT,Waters Corporation,25002483041,3770581000,449248000,48.67639593908629,26.42849760567747,0.20302399214478564,0.059992904419617465,0.051547496797280434,True,383.57,0.12937609811554762,2026-05-31
WEC,"WEC Energy Group, Inc.",36171836542,10084800000,1638600000,21.990099009900987,19.837690003269067,0.1590187855225967,0.06237537503079338,0.05043826701016685,True,111.05,0.07191765527614669,2026-05-31
WFC,Wells Fargo & Company,237287135402,125697000000,21734000000,11.748484848484848,11.079121271655653,0.17273676626541137,0.08480304612583267,0.7236548810893428,True,77.54,0.128517235220575,2026-05-31
WELL,Welltower Inc.,144945321620,11584251000,1407560000,100.1609756097561,71.40298715073115,0.08782535443440488,0.18389331213661664,-0.09788600165382222,True,205.33,0.162119868551458,2026-05-31
WST,"West Pharmaceutical Services, Inc.",22805751756,3220400000,542700000,42.92686170212766,37.439009822216605,0.16062075023587208,0.0744297479035767,0.07853680539341834,True,322.81,0.11046717287402763,2026-05-31
WDC,Western Digital Corporation,183098525220,11777000000,6486000000,28.422150882825047,30.56825852249677,0.19548319327731092,-0.10670057130224286,,False,531.21,0.4675250016831791,2026-05-31
WY,Weyerhaeuser Company,17672754347,6918000000,397000000,44.56363636363636,71.24378687905124,0.04692251991310645,-0.01723275269088076,-0.15905857355055142,True,24.51,1.0532802371886172,2026-05-31
WSM,"Williams-Sonoma, Inc.",23969677601,7882159000,1088536000,22.469094922737305,21.73922329557954,0.13942137229825835,0.02850878391314704,0.15256547262692055,True,203.57,0.09116868748785278,2026-05-31
WMB,"The Williams Companies, Inc.",87309846138,11921000000,2839000000,31.17467248908297,30.307404278442647,0.21907949790794978,0.09134326560442685,0.6595600451405528,True,71.39,0.07466684780070731,2026-05-31
WTW,Willis Towers Watson Public Limited Company,23580826168,9897000000,1667000000,14.49883855981417,12.775398697131406,0.16532756489493203,0.0241767135727462,0.1629958538169407,False,249.67,0.1324354514115773,2026-05-31
WDAY,"Workday, Inc.",38293316622,9854000000,847000000,45.40062111801242,13.665452084451166,0.07255025125628141,0.17209392670406998,,False,146.19,0.17724331590292564,2026-05-31
WYNN,"Wynn Resorts, Limited",10505320140,7294289000,375041000,27.80769230769231,21.376889643549553,0.045858431667246666,0.2777382286479426,,False,101.22,0.11813677661340405,2026-05-31
XEL,Xcel Energy Inc.,49629430020,14784000000,2091000000,22.714285714285715,19.333610570013207,0.13756902310995978,0.049408019364688416,0.042029663567282105,True,79.5,0.10380568140641677,2026-05-31
XYL,Xylem Inc.,26037000760,9091000000,973000000,27.24875621890547,19.794322639869463,0.10592141671278361,0.13128724866322505,0.22753727189918904,True,109.54,0.09861201212162829,2026-05-31
YUM,"Yum! Brands, Inc.",40778156836,8485000000,1738000000,23.671999999999997,21.848409400353827,0.18979790601412222,0.07763207419433016,0.13330844220540294,True,147.95,0.10717903734091783,2026-05-31
ZBRA,Zebra Technologies Corporation,11604925242,5583000000,418000000,29.495157384987888,13.13200786098603,0.07765011119347665,0.03939693656763299,-0.02661846421250047,True,243.63,0.10914718219441388,2026-05-31
ZBH,"Zimmer Biomet Holdings, Inc.",15927766143,8409200000,761300000,21.27390180878553,9.701153109247262,0.08567089837818137,0.060813730964938806,,True,82.33,0.06191039542244137,2026-05-31
ZTS,Zoetis Inc.,32569832487,9509000000,2643000000,12.862582781456954,11.232316222448729,0.2823492130558783,0.0723886810840868,0.11879823847885729,True,77.69,0.07268547635054556,2026-05-31
